Resource URI	root.title	Graphics.GraphicType	Graphics.GraphicsManufacturer	Graphics.Graphicscard	Graphics.GraphicsMemory	Processor.ClockSpeed	KeySpecification.Processormanufacturer	Processor.ProcessorModel	Processor.ProcessorNumber	Storage.Harddrivecapacity	Storage.SSDCapacity	Memory.Memorytype	Memory.RAMMemory	root.price	KeySpecification.Formfactor	Operatingsystem.OperatingSystem	Warranty.ManufacturerWarranty	KeySpecification.Screensize	Display.ScreenResolution
http://www.debenhamsplus.com/desktops/p/1204726/asus-pentium-n3700-4gb-1tb-win-10-desktop-benq-27-full-hd-monitor	"asus pentium n3700 4gb 1tb win 10 desktop + benq 27"" full hd monitor"	integrated	intel			1.6ghz	intel	intel pentium	n3700	1tb		ddr3l sdram	4gb	£32.97	mini pc	windows 10			
http://www.debenhamsplus.com/desktops/p/1205858/new-apple-imac-core-i5-8gb-1tb-3.4ghz-27-inch-all-in-one-with-retina-5k-display	new apple imac core i5 8gb 1tb 3.4ghz 27 inch all in one with retina 5k display	integrated	amd	radeon pro 570	4gb	3.4ghz	intel	intel core i5		1tb		ddr4 sdram	8gb	£1625	all in one	apple os x 10.12 sierra	1 year warranty	27in	5120 x 2880
http://www.debenhamsplus.com/desktops/p/1176003/stormforce-cyclone-core-i7-7700k-16gb-3tb-256gb-ssd-geforce-gtx-1070-windows-10-gaming-desktop	stormforce cyclone core i7-7700k 16gb 3tb + 256gb ssd geforce gtx 1070 windows 10 gaming desktop	dedicated	nvidia	geforce gtx 1070	8gb	4.2ghz	intel	intel core i7	7700k	3tb	256gb		16gb	£1559	atx	windows 10	3 year warranty		
http://www.debenhamsplus.com/desktops/p/1194693/dell-optiplex-3050-core-i5-7500t-4gb-500gb-dvd-rw-19.5-inch-windows-10-professional-all-in-one	dell optiplex 3050 core i5-7500t 4gb 500gb dvd-rw 19.5 inch windows 10 professional all in one	integrated	intel			2.7ghz	intel	intel core i5	7500t	500gb		ddr4 sdram	4gb	£219.97	all in one	windows 10 pro	1 year warranty	19.5in	1600 x 900
http://www.debenhamsplus.com/desktops/p/1199114/lenovo-ideacentre-y700-34ish-core-i5-6400-8gb-1tb-geforce-gtx-1070-dvd-rw-windows-10-gaming-desktop	lenovo ideacentre y700-34ish core i5-6400 8gb 1tb geforce gtx 1070 dvd-rw windows 10 gaming desktop	dedicated	nvidia	geforce gtx 1070	8gb	2.7ghz	intel	intel core i5	6400	1tb			8gb	£1225	tower	windows 10	1 year warranty		
http://www.debenhamsplus.com/desktops/p/1164989/fujitsu-celsius-m740-intel-xeon-e5-1650-v4-32gb-2tb-256gb-ssd-dvd-rw-windows-10-professional-worksta	fujitsu celsius m740 intel xeon e5-1650-v4 32gb 2tb 256gb ssd dvd-rw windows 10 professional worksta	dedicated	nvidia	quadra m4000	8gb	3.6ghz	intel	xeon e5	1650v4	2tb	256gb	ddr4 sdram	32gb	£313.97	tower	windows 10 pro	3 years warranty		
http://www.debenhamsplus.com/desktops/p/1176014/stormforce-geo-core-i7-7700k-32gb-3tb-256gb-ssd-geforce-gtx-1080-windows-10-gaming-desktop	stormforce geo core i7-7700k 32gb 3tb 256gb ssd geforce gtx 1080 windows 10 gaming desktop	dedicated	nvidia	geforce gtx 1080	8gb	4.8ghz	intel	intel core i7	7700k	3tb	256gb		32gb	£2055	atx	windows 10	3 year warranty		
http://www.debenhamsplus.com/desktops/p/1067530/hp-workstation-z240-mt-1-x-xeon-e3-1245v5-3.5-ghz-ram-8-gb-hdd-1-tb-dvd-supermulti-hd-graphics-p530-gige-windows-7-professional-64-bit-edition-windows-10-pro-do	hp z240 intel xeon e3-1245-v5 8gb 1tb dvd-rw windows 7 professional workstation desktop	integrated	intel			3.5ghz	intel	xeon e3	1245v5	1tb		ddr4 sdram	8gb	£238.97	tower	windows 7 pro	3 years warranty		
http://www.debenhamsplus.com/desktops/p/1149055/hewlett-packard-hp-workstation-z840-tower-5u-1-x-xeon-e5-2620v4-2.1-ghz-ram-16-gb-hdd-1-tb-dvd-supermulti-no-graphics-gige-win-10-pro-64-bit-win-7-pro-64-bit-downgrade-pre-	hp workstation z840 intel xeon e5-2620-v4 16gb 1tb dvd-rw windows 10 professional workstation deskto	integrated	intel			2.1ghz	intel	xeon e5	2620v4	1tb		ddr4 sdram	16gb	£649.98		windows 7 pro	3 years warranty		
http://www.debenhamsplus.com/desktops/p/1210934/hp-eliteone-800-g3-core-i7-7500-4gb-500gb-dvd-writer-23.8-inch-windows-10-professional-all-in-one	hp eliteone 800 g3 core i7-7500 4gb 500gb dvd-writer 23.8 inch windows 10 professional all in one	integrated	intel			3.4ghz	intel	intel core i5	i5-7500	500gb		ddr4 sdram	4gb	£157.97	all in one	windows 10 pro	3 years warranty	23.8in	1920 x 1080
http://www.debenhamsplus.com/desktops/p/1069220/hewlett-packard-hp-t730-thin-client-tower-1-x-rx47bb-.7-ghz-ram-4-gb-flash-16-gb-firepro-w100-gige-hp-thinpro-3-bit-monitor-_-none	hp t730 amd rx427bb 4gb 16gb firepro w2100 thin client desktop				2gb	2.7ghz	amd	rx427bb				ddr3l sdram	4gb	£60.97		hp thinpro 32-bit	3 years warranty		
http://www.debenhamsplus.com/desktops/p/1046675/apple-imac-i5-3.1ghz-8gb-1tb-1.5-retina-4k-all-in-one	"apple imac intel core i5 8gb ram 1tb hdd 21.5"" 4k retina apple os x 10.12 sierra all in one"	dedicated	intel			3.1ghz	intel	intel core i5		1tb		lpddr3 sdram	8gb	£1135	all in one	apple os x 10.12 sierra	1 year warranty	21.5in	4096 x 2304
http://www.debenhamsplus.com/desktops/p/1163437/fujitsu-celsius-w550-core-i7-6700-8gb-1tb-dvd-rw-amd-firepro-w2100-windows-10-professional-workstation	fujitsu celsius w550 core i7-6700 8gb 1tb dvd-rw firepro w2100 windows 10 professional workstation	integrated	intel		2gb	4ghz	intel	intel core i7	6700	1tb		ddr4 sdram	8gb	£62.97	mini tower	windows 7 pro	3 years warranty		
http://www.debenhamsplus.com/desktops/p/1207925/hp-280-g2-core-i5-4gb-500gb-dvd-rw-windows-10-professional-desktop-acer-23.6-full-hd-monitor	"hp 280 g2 core i5 4gb 500gb dvd-rw windows 10 professional desktop + acer 23.6"" full hd monitor"	integrated	intel			3.2ghz	intel	intel core i5	i5-6500	500gb		ddr4 sdram	4gb	£43.97	mini tower	windows 10 pro	1 year warranty		
http://www.debenhamsplus.com/desktops/p/1183441/asus-intel-pentium-n3700-4gb-2tb-dvd-rw-windows-10-desktop	asus intel pentium n3700 4gb 2tb dvd-rw windows 10 desktop	integrated	intel			1.6ghz	intel	intel pentium	n3700	2tb			4gb	£48.97	mini pc	windows 10			
http://www.debenhamsplus.com/desktops/p/1141249/hp-z1-g3-core-i7-6700-8gb-256gb-ssd-23.6-inch-windows-10-professional-all-in-one	hp z1 g3 core i7-6700 8gb 256gb ssd 23.6 inch windows 10 professional all in one desktop	integrated	intel			3.4ghz	intel	intel core i7	6700		256gb	ddr4 sdram	8gb	£514.97	all in one	windows 10 pro	3 year warranty	23.6in	3840 x 2160
http://www.debenhamsplus.com/desktops/p/1168892/asus-vivomini-vm65-core-i3-6100u-4-gb-1-tb-windows-10-desktop	asus vivomini vm65 core i3 6100u 4 gb 1 tb windows 10 desktop	integrated	hd graphics			2.4ghz	intel	intel core i3	6100u	1tb		ddr4 sdram	4gb		mini pc	windows 10	1 year warranty		
http://www.debenhamsplus.com/desktops/p/1118953/asus-g0cb-uk00t-core-i7-6700-16gb-tb-18gb-ssd-nvidia-gtx970-4gb-dvd-rw-windows-10-gaming-desktop	asus g20cb-uk002t core i7-6700 16gb 2tb + 128gb ssd geforce gtx970 dvd-rw windows 10 gaming desktop	dedicated	nvidia	geforce gtx 970	4gb	3.4ghz	intel	intel core i7	6700	2tb	128gb	ddr4 sdram	16gb	£328.97	small form factor (sff)	windows 10	3 year warranty		
http://www.debenhamsplus.com/desktops/p/1144813/lenovo-thinkstation-p410-30b3-xeon-e5-1650v4-16gb-512gb-ssd-dvd-rw-windows-10-professional-desktop	lenovo thinkstation p410 30b3 xeon e5-1650-v4 16gb 512gb ssd dvd-rw windows 10 professional desktop	integrated	intel			3.6ghz	intel	xeon e5	e5-1650v4		512gb	ddr4 sdram	16gb	£280.97		windows 7 pro	3 years warranty		
http://www.debenhamsplus.com/desktops/p/1203829/fujitsu-celsius-w570-core-i7-7700-8gb-256gb-ssd-quadro-p400-dvd-rw-windows-10-professional-gaming-desktop	fujitsu celsius w570 core i7-7700 8gb 256gb ssd quadro p400 dvd-rw windows 10 professional gaming desktop				2gb	3.6ghz	intel	intel core i7	i7-7700		256gb	ddr4 sdram	8gb	£228.97	tower	windows 10 pro	3 year warranty		
http://www.debenhamsplus.com/desktops/p/1199101/lenovo-ideacentre-310-20iap-intel-celeron-j3355-4gb-1tb-dvd-rw-19.5-inch-windows-10-all-in-one	lenovo ideacentre 310-20iap intel celeron j3355 4gb 1tb dvd-rw 19.5 inch windows 10 all in one	integrated	intel			2ghz	intel	intel celeron	j3355	1tb			4gb	£405	all in one	windows 10	1 year warranty	19.5in	
http://www.debenhamsplus.com/desktops/p/1206544/stormforce-hurricane-amd-ryzen-5-1600-16gb-2tb-128gb-ssd-geforce-gtx-1070-windows-10-gaming-desktop	stormforce hurricane amd ryzen 5 1600 16gb 2tb + 128gb ssd geforce gtx 1070 windows 10 gaming desktop	dedicated	nvidia	geforce gtx 1070	8gb	3.4ghz	amd	ryzen 5	1600	2tb	128gb		16gb	£1255	atx	windows 10	3 year warranty		
http://www.debenhamsplus.com/desktops/p/1125106/hewlett-packard-hp-omen-870-050na-core-i5-6400-8gb-2tb-128gb-ssd-nvidia-gtx-980ti-6gb-dvd-rw-windows-10-gaming-desktop	hp omen 870-050na core i5-6400 8gb 2tb + 128gb ssd geforce gtx 980ti dvd-rw windows 10 gaming deskto	dedicated	nvidia	geforce gtx 980ti	6gb	2.7ghz	intel	intel core i5	6400	2tb	128gb		8gb	£334.97	tower	windows 10	1 year warranty		
http://www.debenhamsplus.com/desktops/p/891717/hp-t50-flexible-thin-client-amd-gx-1jc-1.-ghz-4gb-8gb-ssd-desktop	hp t520 flexible amd gx-212jc 4gb 8gb ssd hp thinpro os thin client desktop	integrated	amd radeon hd			1.2ghz	amd	gx	212jc	8gb			4gb	£24.97	ultra small form factor (usff)	hp thinpro			
http://www.debenhamsplus.com/desktops/p/1161588/hewlett-packard-hp-t630-amd-gx-420gi-2ghz-4gb-8gb-amd-radeon-r6e-thin-client-desktop	hp t630 amd gx-420gi 4gb 8gb hp thinpro os thin client desktop	integrated	amd			2ghz	amd	gx	420gi	8gb		ddr4 sdram	4gb	£30.97	thin client	hp thinpro	3 year warranty		
http://www.debenhamsplus.com/desktops/p/1199099/lenovo-ideacentre-910-27ish-core-i7-6700t-8gb-1tb-gt940a-27-inch-windows-10-all-in-one	lenovo ideacentre 910-27ish core i7-6700t 8gb 1tb gt940a 27 inch windows 10 all in one	dedicated	nvidia	gt940a	2gb	2.8ghz	intel	intel core i7	i7-6700t	1tb		ddr4 sdram	8gb	£216.97	all in one	windows 10	1 year warranty	27in	1920 x 1080
http://www.debenhamsplus.com/desktops/p/1179507/zoostorm-voyager-core-i3-7100-8gb-1tb-geforce-gtx-1050-dvd-rw-windows-10-gaming-desktop	zoostorm voyager core i3-7100 8gb 1tb geforce gtx 1050 dvd-rw windows 10 gaming desktop	dedicated	nvidia	geforce gtx 1050	2gb	3.9ghz	intel	intel core i3	7100	1tb			8gb	£569	atx	windows 10	1 year warranty		
http://www.debenhamsplus.com/desktops/p/1204035/fujitsu-esprimo-p957-core-i7-7700-8gb-1tb-256gb-ssd-radeon-rx-460-dvd-rw-windows-10-professional-gaming-desktop	fujitsu esprimo p957 core i7-7700 8gb 1tb 256gb ssd radeon rx 460 dvd-rw windows 10 professional gaming desktop				4gb	3.6ghz	intel	intel core i7	i7-7700		256gb	ddr4 sdram	8gb	£198.97	tower	windows 10 pro	3 year warranty		
http://www.debenhamsplus.com/desktops/p/1143914/msi-aegis-ti-005eu-core-i7-6700k-32gb-2tb-512gb-ssd-geforce-gtx-1070-dvd-rw-windows-10-gaming-desktop	msi aegis ti-005eu core i7-6700k 32gb 2tb + 512gb ssd geforce gtx 1070 dvd-rw windows 10 gaming desktop	dedicated	nvidia	geforce gtx 1070	8gb	4ghz	intel	intel core i7	6700k	2tb	512gb		32gb	£565.97	tower	windows 10	2 year warranty		
http://www.debenhamsplus.com/desktops/p/1161385/hp-slimline-411-a025na-intel-pentium-n3700-8gb-1tb-dvd-rw-windows-10-dekstop	hp slimline 411-a025na intel pentium n3700 8gb 1tb dvd-rw windows 10 dekstop	integrated	intel			1.6ghz	intel	intel pentium	n3700	1tb		ddr3l sdram	8gb	£30.97	desktop slimline	windows 10	1 year warranty		
http://www.debenhamsplus.com/desktops/p/1170674/acer-predator-g6-710-core-i7-6700k-16gb-2tb-128gb-ssd-geforce-gtx-980-dvd-rw-windows-10-gaming-des	acer predator g6-710 core i7-6700k 16gb 2tb + 128gb ssd geforce gtx 980 dvd-rw windows 10 gaming des	dedicated	nvidia	geforce gtx 980	4gb	4ghz	intel	intel core i7	6700k	2tb	128gb	ddr4 sdram	16gb	£287.97	tower	windows 10	1 year warranty		
http://www.debenhamsplus.com/desktops/p/891719/hp-t50-flexible-gx-1jc-1.-ghz-16gb-ssd-4gb-windows-embedded-8-standard-thin-client	hp flexible t520 flexible amd gx-212jc 4gb 16gb ssd windows embedded 8 standard thin client desktop	integrated	amd radeon hd			1.2ghz	amd	gx	212jc	16gb	16		4gb	£39.97	ultra small form factor (usff)	windows embedded 8 standard			
http://www.debenhamsplus.com/desktops/p/1132328/msi-vortex-sli-g65vr-6re-078uk-core-i7-6700k-8gb-1tb-256gb-ssd-nvidia-gtx-1070-8gb-gaming-desktop	msi vortex sli g65vr 6re-078uk core i7-6700k 8gb 1tb + 256gb ssd geforce gtx 1070 windows 10 gaming	dedicated	nvidia	geforce gtx 1070	8gb	4ghz	intel	intel core i7	6700k	1tb	256gb		8gb	£374.97	mini tower	windows 10	2 year warranty		
http://www.debenhamsplus.com/desktops/p/955310/hewlett-packard-hp-hp-t50-flexible-series-thin-client-wes-7e-16gb-mlc-m.-ssd-4gb-ddr3l-1600-sodimm-usb-uk	hp t520 flexible series amd gx-212jc 4gb 16gb ssd windows embedded 7 standard thin client desktop	integrated	n/a			1.2ghz	amd	gx	212jc	16gb	16	ddr3l sdram	4gb	£43.97	ultra small form factor (usff)	microsoft windows 7 embedded standard	3 year warranty		
http://www.debenhamsplus.com/desktops/p/1046673/apple-imac-i5-1.6ghz-8gb-1tb-1.5-all-in-one	apple imac intel core i5 8gb 1tb 21.5 inch os x 10.12 sierra all in one desktop	integrated	intel			1.6ghz	intel	intel core i5		1tb		lpddr3 sdram	8gb	£979	all in one	apple os x 10.12 sierra	1 year warranty	21.5in	1920 x 1080
http://www.debenhamsplus.com/desktops/p/1193186/asus-rog-core-i7-7700-16gb-1tb-256gb-ssd-geforce-gtx-1070-dvd-rw-windows-10-gaming-desktop	asus rog core i7-7700 16gb 1tb + 256gb ssd geforce gtx 1070 dvd-rw windows 10 gaming desktop	dedicated	nvidia	geforce gtx 1070	8gb	3.6ghz	intel	intel core i7	i7-7700	1tb	256gb	ddr4 sdram	16gb	£317.97	small form factor (sff)	windows 10	1 year warranty		
http://www.debenhamsplus.com/desktops/p/1205856/new-apple-imac-core-i5-8gb-1tb-3ghz-21.5-inch-all-in-one-with-retina-4k-display	new apple imac core i5 8gb 1tb 3ghz 21.5 inch all in one with retina 4k display	integrated	amd	radeon pro 555	2gb	3ghz	intel	intel core i5		1tb		ddr4 sdram	8gb	£1145	all in one	apple os x 10.12 sierra		21.5in	4096 x 2304
http://www.debenhamsplus.com/desktops/p/1176083/zoostorm-evolve-core-i5-7400-16gb-2tb-dvd-rw-windows-10-desktop	zoostorm evolve core i5-7400 16gb 2tb dvd-rw windows 10 desktop	integrated	hd graphics			3ghz	intel	intel core i5	i5-7400	2tb		ddr4 sdram	16gb	£29.97	m-atx	windows 10	1 year warranty		
http://www.debenhamsplus.com/desktops/p/1183284/hp-omen-900-045na-core-i7-6700k-32gb-2tb-256gb-ssd-dvd-rw-radeon-rx-480-windows-10-gaming-desktop	hp omen 900-045na core i7-6700k 32gb 2tb + 256gb ssd dvd-rw radeon rx 480 windows 10 gaming desktop	dedicated	amd	radeon rx 480	4gb	4ghz	intel	intel core i7	6700k	2tb	256gb	ddr4 sdram	32gb	£288.97	tower	windows 10	1 year warranty		
http://www.debenhamsplus.com/desktops/p/1116269/lenovo-thinkstation-p310-30av-sff-1-x-core-i5-6500-3.-ghz-ram-8-gb-hybrid-drive-1-tb-8-gb-dvd-writer-hd-graphics-530-gige-win-10-pro-64-bit-win-7-pro-64-bi	lenovo thinkstation p310 30av core i5-6500 8gb 1tb dvd-rw windows 10 professional workstation	integrated	intel			3.2ghz	intel	intel core i5	6500	1tb		ddr4 sdram	8gb	£230.97	small form factor (sff)	windows 7 pro	3 years warranty		
http://www.debenhamsplus.com/desktops/p/1206370/zoostorm-voyager-amd-ryzen-5-1400-8gb-2tb-geforce-gtx-1060-dvd-rw-windows-10-gaming-desktop	zoostorm voyager amd ryzen 5 1400 8gb 2tb geforce gtx 1060 dvd-rw windows 10 gaming desktop	dedicated	nvidia	geforce gtx 1060	3gb	3.2ghz	amd	ryzen 5	1400	2tb			8gb	£805	atx	windows 10	1 year warranty		
http://www.debenhamsplus.com/desktops/p/1214064/dell-inspiron-core-i5-7200u-8gb-1tb-dvd-rw-22-inch-windows-10-all-in-one	dell inspiron core i5-7200u 8gb 1tb dvd-rw 22 inch windows 10 all in one	integrated	intel							1tb				£59.97	all in one			22in	
http://www.debenhamsplus.com/desktops/p/1203167/acer-aspire-xc-704-pentium-j3710-4gb-2tb-dvdrw-windows-10-desktop	acer aspire xc-704 pentium j3710 4gb 2tb dvdrw windows 10 desktop	integrated	intel			1.6ghz	intel	intel pentium	j3710	2tb		ddr3l sdram	4gb	£47.97	small form factor (sff)	windows 10 home	1 year warranty		
http://www.debenhamsplus.com/desktops/p/1144764/asus-rog-core-i7-6700-8gb-1tb-128gb-ssd-geforce-gtx-970-4gb-windows-10-gaming-desktop	asus rog core i7-6700 8gb 1tb + 128gb ssd geforce gtx 970 windows 10 gaming desktop	dedicated	nvidia	geforce gtx 970	4gb	3.4ghz	intel	intel core i7	6700	1tb	128gb		8gb	£1005	tower	windows 10	1 year warranty		
http://www.debenhamsplus.com/desktops/p/1143501/lenovo-thinkstation-p310-core-i7-6700-8gb-1tb-dvd-rw-windows-10-professional-desktop	lenovo thinkstation p310 core i7-6700 8gb 1tb dvd-rw windows 10 professional desktop	integrated	intel			3.4ghz	intel	intel core i7	i7-6700	1tb		ddr4 sdram	8gb	£54.98	tower	windows 7 pro	3 years warranty		
http://www.debenhamsplus.com/desktops/p/1145528/stormforce-inferno-core-i7-6700k-32gb-3tb-256gb-ssd-2x-geforce-gtx-1070-windows-10-gaming-desktop	stormforce inferno core i7-6700k 32gb 3tb + 250gb ssd with 2x geforce gtx 1070 windows 10 gaming desktop	dedicated	nvidia	geforce gtx 1070	8gb	4ghz	intel	intel core i7	6700k	3tb	250gb		32gb	£569.97	tower	windows 10	3 year warranty		
http://www.debenhamsplus.com/desktops/p/1046674/apple-imac-i5-.8ghz-8gb-1tb-1.5-all-in-one	apple imac intel core i5 8gb 1tb 21.5 inch apple os x 10.12 sierra all in one desktop	integrated	intel			2.8ghz	intel	intel core i5		1tb		lpddr3 sdram	8gb	£1003	all in one	apple os x 10.12 sierra	1 year warranty	21.5in	1920 x 1080
http://www.debenhamsplus.com/desktops/p/1193180/asus-rog-core-i7-7700-16gb-2tb-512gb-ssd-geforce-gtx-1080-dvd-rw-windows-10-gaming-desktop	asus rog core i7-7700 16gb 2tb + 512gb ssd geforce gtx 1080 dvd-rw windows 10 gaming desktop	dedicated	nvidia	geforce gtx 1080	8gb	3.6ghz	intel	intel core i7	i7-7700	2tb	512gb	ddr4 sdram	16gb	£381.97	small form factor (sff)	windows 10	1 year warranty		
http://www.debenhamsplus.com/desktops/p/1092881/hewlett-packard-hp-flexible-t620-amd-gx-415ga-1.5ghz-4gb-32gb-ssd-amd-radeon-hd-8330e-windows-embedded-standard-7e-thin-client-desktop	hp flexible t620 amd gx-415ga 4gb 32gb ssd windows embedded 7 standard thin client desktop	integrated	amd			1.5ghz	amd	gx	415ga	32gb		ddr3l sdram	4gb	£105.98	thin client	microsoft windows 7 embedded standard	3 years warranty		
http://www.debenhamsplus.com/desktops/p/1021222/hp-t310-zero-client-51mb-56mb-tera31-thin-client-	hp t310 zero client tera2321 512mb 256mb hp smart zero os thin client						tera2321	tera	2321	256mb		ddr3 sdram	512mb	£40.97		no os	3 year warranty		
http://www.debenhamsplus.com/desktops/p/1057302/hp-proone-400-g-all-in-one-nt-core-i5-6500t-4gb-500gb-supermulti-dvd-odd-windows-10-professional-desktop	hp proone 400 g2 core i5-6500t 4gb 500gb dvd-rw 20 inch windows 10 professional desktop	integrated	intel			2.5ghz	intel	intel core i5	6500t	500gb		ddr4 sdram	4gb	£114.97	all in one	windows 10 pro	1 year warranty	20in	1600 x 900
http://www.debenhamsplus.com/desktops/p/1174779/hp-z2-g3-intel-xeon-e3-1225-v5-16gb-256gb-ssd-windows-7-professional-workstation-desktop	hp z2 g3 intel xeon e3-1225-v5 16gb 256gb ssd windows 7 professional workstation desktop	integrated	intel			3.3ghz	intel	xeon	e3-1225v5		256gb	ddr4 sdram	16gb	£1224		windows 7 pro	3 years warranty		
http://www.debenhamsplus.com/desktops/p/1129371/hewlett-packard-hp-workstation-z440-mt-4u-1-x-xeon-e5-1650v4-3.2-ghz-ram-16-gb-ssd-512-gb-hp-z-turbo-drive-dvd-supermulti-no-graphics-gige-win-10-pro-64-bit-win-7-pro-64-bi	hewlett packard hp workstation z440 - mt - 4u - 1 x xeon e5-1650v4 / 3.2 ghz - ram 16 gb - ssd 512 gb - hp z turbo drive - dvd supermulti - no graphics - gige - win 10 pro 64-bit / win 7 pro 64-bi					3.6ghz	intel	xeon	e5-1650v4			ddr4 sdram	16gb	£620.97		microsoft windows 7 professional 64-bit edition	3 years warranty		
http://www.debenhamsplus.com/desktops/p/867102/apple-mac-pro-quad-core-xeon-e5-3.7ghz-1gb-56gb-dual-firepro-d300-gb-desktop	apple mac pro quad-core xeon e5 12gb 256gb dual firepro d300 apple os x 10.12 sierra workstation des	integrated	amd		4gb	3ghz	intel	xeon e5	e5		256gb	ddr3 sdram	12gb	£199.97	tower	apple os x 10.12 sierra	3 month warranty		
http://www.debenhamsplus.com/desktops/p/1196424/acer-aspire-xc-704-pentium-j3710-8gb-2tb-dvd-rw-windows-10-desktop	acer aspire xc-704 pentium j3710 8gb 2tb dvd-rw windows 10 desktop	integrated	intel			1.6ghz	intel	intel pentium	j3710	2tb		ddr3l sdram	8gb	£58.97	small form factor (sff)	windows 10	1 year warranty		
http://www.debenhamsplus.com/desktops/p/1046677/apple-imac-i5-3.ghz-8gb-1tb-fusion-drive-retina-5k-7-all-in-one	apple imac intel core i5 8gb 1tb 27 inch 5k retina apple os x 10.12 sierra all in one desktop	dedicated	amd		2gb	3.2ghz	intel	intel core i5		1tb		ddr3 sdram	8gb	£1625	all in one	apple os x 10.12 sierra	1 year warranty	27in	5120 x 2880
http://www.debenhamsplus.com/desktops/p/1199085/lenovo-ideacentre-y700-34ish-core-i5-6400-8gb-1tb-geforce-gtx-1070-dvd-rw-windows-10-gaming-desktop	lenovo ideacentre y700-34ish core i5-6400 8gb 1tb geforce gtx 1070 dvd-rw windows 10 gaming desktop	dedicated	nvidia	geforce gtx 1070	8gb	2.7ghz	intel	intel core i5	6400	1tb			8gb	£130.97	tower	windows 10	1 year warranty		
http://www.debenhamsplus.com/desktops/p/1169859/fujitsu-celsius-j550-xeon-e3-1240v5-16gb-1tb-256gb-ssd-quadro-m2000-dvd-rw-windows-10-professional-workstation	fujitsu celsius j550 xeon e3-1240v5 16gb 1tb + 256gb ssd quadro m2000 dvd-rw windows 10 professional workstation	dedicated	nvidia	quadro m2000	4gb	3.5ghz	intel	xeon e3	1240v5	1tb	256gb	ddr4 sdram	16gb	£194.97	small form factor (sff)	windows 7 pro	3 year warranty		
http://www.debenhamsplus.com/desktops/p/1206534/stormforce-hurricane-amd-ryzen-5-1500x-8gb-2tb-128gb-ssd-geforce-gtx-1060-windows-10-gaming-desktop	stormforce hurricane amd ryzen 5 1500x 8gb 2tb + 128gb ssd geforce gtx 1060 windows 10 gaming desktop	dedicated	nvidia	geforce gtx 1060	3gb	3.6ghz	amd	ryzen 5	1500x	2tb	128gb		8gb	£955	atx	windows 10	3 year warranty		
http://www.debenhamsplus.com/desktops/p/1128908/hp-flexible-thin-client-t520-thin-client-tower-1-x-gx-212jc-1.2-ghz-ram-4-gb-ssd-32-gb-radeon-hd-gige-win-10-iot-enterprise-monitor-_-none	hp flexible t520 amd gx-212jc 4gb 32gb ssd windows 10 iot enterprise thin client desktop					1.2ghz	amd	gx	415ga		32	ddr3l sdram	4gb	£110.97		windows 10 iot	3 year warranty		
http://www.debenhamsplus.com/desktops/p/1129701/lenovo-m800z-aio-21.5-inch-ci5-6400-4gb-500gb-dvdrw-non-touch-win7pro-win10pro-flyer-3yr	lenovo m800z core i5-6400 4gb 500gb dvd-rw 21.5 inch windows 10 professional all in one destop	integrated	intel			2.7ghz	intel	intel core i5	6400	500gb		ddr4 sdram	4gb	£97.97	all in one	windows 7 pro	3 year warranty	21.5in	1920 x 1080
http://www.debenhamsplus.com/desktops/p/1181492/asus-rog-core-i7-6700k-16gb-2tb-512gb-ssd-geforce-gtx-980-dvd-rw-windows-10-gaming-desktop	asus rog core i7-6700k 16gb 2tb + 512gb ssd geforce gtx 980 dvd-rw windows 10 gaming desktop	dedicated	nvidia	geforce gtx 980	4gb	4ghz	intel	intel core i7	i7-6700k	2tb	512gb	ddr4 sdram	16gb	£513.97	atx	windows 10	1 year warranty		
http://www.debenhamsplus.com/desktops/p/1148790/hp-z440-xeon-e5-1650v4-16gb-1tb-256gb-ssd-dvd-rw-windows-10-professional-workstation	hp z440 xeon e5-1650v4 16gb 1tb + 256gb ssd dvd-rw windows 10 professional workstation	integrated	intel			3.6ghz	xeon	amd e5	1650	1tb	256gb	ddr4 sdram	16gb	£684.97	workstation	windows 7 pro	3 year warranty		
http://www.debenhamsplus.com/desktops/p/1160126/hewlett-packard-hp-omen-870-140na-core-i5-6400-8gb-2tb-128gb-ssd-radeon-rx-480-4gb-windows-10-gaming-desktop	hp omen 870-140na core i5-6400 8gb 2tb + 128gb ssd radeon rx 480 windows 10 gaming desktop	dedicated	amd	radeon rx 480	4gb	2.7ghz	intel	intel core i5	i5-6400	2tb	128gb	ddr4 sdram	8gb	£210.97	tower	windows 10	1 year warranty		
http://www.debenhamsplus.com/desktops/p/1210841/hp-280-g2-core-i3-4gb-256gb-ssd-dvd-rw-windows-10-professional-desktop-acer-23.6-full-hd-monitor	"hp 280 g2 core i3 4gb 256gb ssd dvd-rw windows 10 professional desktop + acer 23.6"" full hd monitor"	integrated	intel			3.7ghz	intel	intel core i3	6100		256gb	ddr4 sdram	4gb	£475	mini tower	windows 10 pro	1 year warranty		
http://www.debenhamsplus.com/desktops/p/1208581/hp-sprout-pro-core-i7-7700t-2.9ghz-16gb-512gb-nvidia-geforce-gtx-960m-23.8-inch-gaming-all-in-one	hp sprout pro core i7-7700t 2.9ghz 16gb 512gb nvidia geforce gtx 960m 23.8 inch gaming all in one	dedicated	intel	geforce gtx 960m	2gb	2.9ghz	intel	intel core i7	i7-7700t		512gb	ddr4 sdram	16gb	£375.97	all in one	windows 10 pro	3 years warranty	23.8in	1920 x 1080
http://www.debenhamsplus.com/desktops/p/1161596/hewlett-packard-hp-t630-amd-gx-420gi-2ghz-4gb-8gb-amd-radeon-r6e-thin-client-desktop	hp t630 amd gx-420gi 4gb 8gb thin client desktop	integrated	amd			2ghz	amd	gx	420gi	8gb		ddr4 sdram	4gb	£435	thin client	hp smart zero core	3 year warranty		
http://www.debenhamsplus.com/desktops/p/1067062/hp-workstation-z240-mt-1-x-core-i5-6500-3.2-ghz-ram-8-gb-hdd-500-gb-dvd-supermulti-hd-graphics-530-gige-windows-7-professional-64-bit-edition-windows-10-pro-dow	hp z240 core i5-6500 8gb 500gb dvd-rw windows 7 professional workstation desktop	integrated	intel			3.2ghz	intel	intel core i5	6500	500gb		ddr4 sdram	8gb	£480.97	tower	windows 7 pro	3 years warranty		
http://www.debenhamsplus.com/desktops/p/1210840/hp-280-g2-core-i3-4gb-256gb-ssd-dvd-rw-windows-10-professional-desktop-aoc-21.5-hd-ready-monitor	"hp 280 g2 core i3 4gb 256gb ssd dvd-rw windows 10 professional desktop + aoc 21.5"" hd ready monitor"	integrated	intel			3.7ghz	intel	intel core i3	6100		256gb	ddr4 sdram	4gb	£450	mini tower	windows 10 pro	1 year warranty		
http://www.debenhamsplus.com/desktops/p/1181489/asus-rog-gt51ca-core-i7-6700k-32gb-3tb-512gb-ssd-dual-geforce-gtx-1080-dvd-rw-windows-10-gaming-de	asus rog gt51ca core i7-6700k 32gb 3tb + 512gb ssd dual geforce gtx 1080 dvd-rw windows 10 gaming de	dedicated	nvidia	geforce gtx 1080	4gb	4.6ghz	intel	intel core i7	6700k	3tb	512gb		32gb	£612.97	tower	windows 10	3 year warranty		
http://www.debenhamsplus.com/desktops/p/1197927/msi-cubi-243we-intel-celeron-3215u-4gb-32gb-ssd-windows-10-desktop	msi cubi-243we intel celeron 3215u 4gb 32gb ssd windows 10 desktop	integrated	intel			1.7ghz	intel	intel celeron	3215u		32gb		4gb	£21.97	ultra small form factor (usff)	windows 10	2 year warranty		
http://www.debenhamsplus.com/desktops/p/1190721/lenovo-ideacentre-510s-08ish-core-i3-6100-8gb-1tb-dvd-rw-windows-10-desktop	lenovo ideacentre 510s-08ish core i3-6100 8gb 1tb dvd-rw windows 10 desktop	integrated	intel			3.7ghz	intel	intel core i3	i3-6100	1tb		ddr4 sdram	8gb	£465	tower	windows 10 home	1 year warranty		
http://www.debenhamsplus.com/desktops/p/1183283/hp-omen-870-185na-core-i7-6700-16gb-3tb-256gb-ssd-geforce-gtx-1080-windows-10-gaming-desktop	hp omen 870-185na core i7-6700 16gb 3tb + 256gb ssd geforce gtx 1080 windows 10 gaming desktop	dedicated	nvidia	geforce gtx 1080	8gb	3.4ghz	intel	intel core i7	6700	3tb	256gb	ddr4 sdram	16gb	£414.97	tower	windows 10	1 year warranty		
http://www.debenhamsplus.com/desktops/p/905755/apple-mac-mini-dual-core-i5-.8ghz-8gb-1tb-fusion-iris-graphics-apple-os-x-10.10-yosemite-desktop	apple mac mini dual-core i5 8gb 1tb apple os x 10.12 sierra desktop	integrated	hd graphics			2.8ghz	intel	intel core i5	apple	1tb		lpddr3 sdram	8gb	£90.97	ultra small form factor (usff)	apple os x 10.12 sierra	1 year warranty		
http://www.debenhamsplus.com/desktops/p/905754/apple-macmini-.6ghz-intel-dual-core-i5-8gb-1ytb-intel-hd-5000-usb-3.0-hdmi-dvi-os-x-yosemite-ml-bt-4.0-cr-wlan-1yr	apple mac mini intel dual core i5 8gb 1tb apple os x 10.12 sierra desktop	integrated	hd graphics			2.5ghz	intel	intel core i5	apple	1tb		lpddr3 sdram	8gb	£625	desktop slimline	apple os x 10.12 sierra	1 year warranty		
http://www.debenhamsplus.com/desktops/p/1195305/acer-aspire-tc-780-core-i5-7400-8gb-2tb-dvd-rw-windows-10-desktop	acer aspire tc-780 core i5-7400 8gb 2tb dvd-rw windows 10 desktop	integrated	intel			3ghz	intel	intel core i5	i5-7400	2tb		ddr4 sdram	8gb	£95.97	tower	windows 10	1 year warranty		
http://www.debenhamsplus.com/desktops/p/1199106/lenovo-ideacentre-y900-re-34isz-core-i7-6700k-16gb-2tb-256gb-ssd-geforce-gtx-1070-windows-10-gaming-desktop	lenovo ideacentre y900 re-34isz core i7-6700k 16gb 2tb + 256gb ssd geforce gtx 1070 windows 10 gaming desktop	dedicated	nvidia	geforce gtx 1070	8gb	4ghz	intel	intel core i7	6700k	2tb	256gb		16gb	£347.97	tower	windows 10	1 year warranty		
http://www.debenhamsplus.com/desktops/p/1144775/asus-k20ce-pentium-n3700-4gb-1tb-windows-10-desktop	asus k20ce pentium n3700 4gb 1tb dvd-rw windows 10 desktop	integrated	intel			1.6ghz	intel	intel pentium	n3700	1tb		ddr3l sdram	4gb	£74.97	mini pc	windows 10			
http://www.debenhamsplus.com/desktops/p/1199112/lenovo-ideacentre-310-20iap-intel-pentium-j4205-4gb-1tb-dvd-rw-19.5-inch-windows-10-all-in-one-white	lenovo ideacentre 310-20iap intel pentium j4205 4gb 1tb dvd-rw 19.5 inch windows 10 all in one - white	integrated	intel			1.5ghz	intel	intel pentium	j4205	1tb			4gb	£425	all in one	windows 10	1 year warranty	19.5in	
http://www.debenhamsplus.com/desktops/p/1057367/hp-800-g-core-i5-6500-4gb-500gb-dvd-sm-windows-10-professional-3-all-in-one	hp proone 800 g2 core i5-6500 4gb 500gb dvd-rw 23 inch windows 10 professional all in one desktop	integrated	intel			3.2ghz	intel	intel core i5	6500	500gb		ddr4 sdram	4gb	£227.97	all in one	windows 10 pro	3 year warranty	23in	1920 x 1080
http://www.debenhamsplus.com/desktops/p/1207968/stormforce-glacier-core-i7-6700-8gb-2tb-120gb-ssd-geforce-gtx-1060-dvd-rw-windows-10-gaming-desktop	stormforce glacier core i7-6700 8gb 2tb + 120gb ssd geforce gtx 1060 dvd-rw windows 10 gaming desktop	dedicated	nvidia	geforce gtx 1060	6gb	3.4ghz	intel	intel core i7	6700	2tb	120gb		8gb	£192.97	atx	windows 10	3 year warranty		
http://www.debenhamsplus.com/desktops/p/1199119/lenovo-ideacentre-300-23isu-core-i3-6006u-8gb-1tb-dvd-rw-23-inch-windows-10-all-in-one-white	lenovo ideacentre 300-23isu core i3-6006u 8gb 1tb dvd-rw 23 inch windows 10 all in one - white	integrated	intel			2ghz	intel	intel core i3	6006u	1tb			8gb	£615	all in one	windows 10	1 year warranty	23in	
http://www.debenhamsplus.com/desktops/p/1166133/lenovo-thinkcentre-m900z-10f3-core-i5-6400-2.7ghz-4gb-500gb-dvd-rw-windows-7-professional-all-in-one	lenovo thinkcentre m900z 10f3 core i5-6400 4gb 500gb dvd-rw 23.8 inch windows 7 professional all in	integrated	intel			2.7ghz	intel	intel core i5	6400	500gb		ddr4 sdram	4gb	£175.97	all in one	windows 7 pro	3 year warranty	23.8in	1920 x 1080
http://www.debenhamsplus.com/desktops/p/1207969/zoostorm-evolve-core-i5-6400-8gb-1tb-dvd-rw-windows-10-desktop	zoostorm evolve core i5-6400 8gb 1tb dvd-rw windows 10 desktop	integrated	intel			2.7ghz	intel	intel core i5	6400	1tb			8gb	£34.97	atx	windows 10	1 year warranty		
http://www.debenhamsplus.com/desktops/p/1169347/pc-specialist-core-i5-7400-8gb-1tb-geforce-gtx-1060-dvd-rw-windows-10-gaming-desktop	pc specialist core i5-7400 8gb 1tb geforce gtx 1060 dvd-rw windows 10 gaming desktop	dedicated	nvidia	geforce gtx 1060	3gb	3ghz	intel	intel core i5	7400	1tb			8gb	£59.97	tower	windows 10	3 year warranty		
http://www.debenhamsplus.com/desktops/p/1195570/acer-aspire-tc-780-core-i3-7100-8gb-2tb-dvd-rw-windows-10-desktop	acer aspire tc-780 core i3-7100 8gb 2tb dvd-rw windows 10 desktop	integrated	intel			3.9ghz	intel	intel core i3	i3-7100	2tb		ddr4 sdram	8gb	£85.97	tower	windows 10			
http://www.debenhamsplus.com/desktops/p/888217/hewlett-packard-hp-t60-amd-gx-17ga-16gb-4gb-windows-embedded-standard-7e-thin-client	hp t620 amd gx-217ga 16gb 4gb windows embedded 7 standard thin client desktop	integrated	amd radeon hd 8280e			1.65ghz	amd	gx	217ga	16gb			4gb	£139.98	ultra small form factor (usff)	windows 7			
http://www.debenhamsplus.com/desktops/p/1200798/dell-optiplex-3050-core-i5-7500t-4gb-128gb-ssd-windows-10-pro-desktop	dell optiplex 3050 core i5-7500t 4gb 128gb ssd windows 10 pro desktop	integrated	intel	hd graphics 630		2.7ghz	intel	intel core i5	i5-7500t		128gb	ddr4 sdram	4gb	£125.97	sff	windows 10 pro	1 year warranty		
http://www.debenhamsplus.com/desktops/p/1212215/hp-elitedesk-800-core-i5-6500-8gb-500gb-windows-10-professional-desktop	hp elitedesk 800 core i5-6500 8gb 500gb windows 10 professional desktop													£72.97					
http://www.debenhamsplus.com/desktops/p/1116795/acer-aspire-xc-710-core-i3-6100-4gb-500gb-nvidia-gt730-gb-windows-10-gaming-desktop	acer aspire xc-710 core i3-6100 4gb 500gb geforce gt730 windows 10 gaming desktop	dedicated	nvidia	geforce gt 730	2gb	3.7ghz	intel	intel core i3	i3-6100	500gb		ddr3l sdram	4gb	£84.97	small form factor (sff)	windows 10 home	1 year warranty		
http://www.debenhamsplus.com/desktops/p/1160129/hewlett-packard-hp-omen-870-170na-core-i5-6400-8gb-2tb-128gb-ssd-geforce-gtx-1070-8gb-windows-10-gaming-desktop	hp omen 870-170na core i5-6400 8gb 2tb + 128gb ssd geforce gtx 1070 windows 10 gaming desktop	dedicated	nvidia	geforce gtx 1070	8gb	2.7ghz	intel	intel core i5	6400	2tb	128gb	ddr4 sdram	8gb	£324.97	tower	windows 10	1 year warranty		
http://www.debenhamsplus.com/desktops/p/1199096/lenovo-ideacentre-510s-08ish-core-i7-6700-8gb-1tb-dvd-rw-windows-10-desktop	lenovo ideacentre 510s-08ish core i7-6700 8gb 1tb dvd-rw windows 10 desktop	integrated	intel			3.4ghz	intel	intel core i7	i7-6700	1tb		ddr4 sdram	8gb	£127.97	tower	windows 10 home	1 year warranty		
http://www.debenhamsplus.com/desktops/p/1164988/fujitsu-celsius-m740-xeon-e5-1620v4-16gb-2tb-256gb-ssd-dvd-rw-windows-10-professionall-workstation-desktop	fujitsu celsius m740 intel xeon e5-1620-v4 16gb 2tb 256gb ssd dvd-rw windows 10 professional worksta							intel						£205.97					
http://www.debenhamsplus.com/desktops/p/1205857/new-apple-imac-core-i5-8gb-1tb-3.4ghz-21.5-inch-all-in-one-with-retina-4k-display	new apple imac core i5 8gb 1tb 3.4ghz 21.5 inch all in one with retina 4k display	integrated	amd	radeon pro 560	4gb	3.4ghz	intel	intel core i5		1tb		ddr4 sdram	8gb	£1329	all in one	apple os x 10.12 sierra		21.5in	4096 x 2304
http://www.debenhamsplus.com/desktops/p/1130111/hp-workstation-z240-sff-1-x-xeon-e3-1245v5-3.5-ghz-ram-16-gb-ssd-256-gb-hp-z-turbo-drive-dvd-supermulti-hd-graphics-p530-gige-win-10-pro-win-7-pro-64-bit-down	hp workstation z240 intel xeon e3-1245-v5 16 gb 256 gb ssd dvd-rw windows 10 professional workstatio	integrated	intel			3.5ghz	intel	xeon e3	1245v5		256gb	ddr4 sdram	16gb	£329.97		windows 7 pro	3 years warranty		
http://www.debenhamsplus.com/desktops/p/1129878/hewlett-packard-hp-z240t-8gb-1tb-dvd-rw-windows-7-professional-workstation-desktop	hp z240t 8gb 1tb dvd-rw windows 7 professional workstation desktop	integrated	intel			3.4ghz	intel	intel core i7	6700	1tb		ddr4 sdram	8gb	£249.97	mini tower	windows 7 pro	3 years warranty		
http://www.debenhamsplus.com/desktops/p/1207950/acer-z20-730-intel-pentium-quad-core-j4205-8gb-1tb-19.5-inch-dvd-rw-windows-10-all-in-one	acer z20-730 intel pentium quad-core j4205 8gb 1tb 19.5 inch dvd-rw windows 10 all in one	integrated	intel			1.5ghz	intel	intel pentium	j4205	1tb			8gb	£505	all in one	windows 10		19.5in	
http://www.debenhamsplus.com/desktops/p/1196876/pc-specialist-osiris-infiltrator-core-i7-7700k-16gb-3tb-256gb-ssd-geforce-gtx-1080ti-windows-10-gaming-desktop	pc specialist osiris infiltrator core i7-7700k 16gb 3tb + 256gb ssd geforce gtx 1080ti windows 10 gaming desktop	dedicated	nvidia	geforce gtx 1080ti	11gb	4.2ghz	intel	intel core i7	7700k	3tb	256gb		16gb	£320.97	tower	windows 10			
http://www.debenhamsplus.com/desktops/p/1161939/dell-optiplex-7440-core-i5-6500-8gb-500gb-dvd-rw-23.8-windows-10-professional-all-in-one	dell optiplex 7440 core i5-6500 8gb 500gb dvd-rw 23.8 inch windows 10 professional all in one	integrated	intel			3.2ghz	intel	intel core i5	6500	500gb	no-	ddr4 sdram	8gb	£70.97	all in one	windows 10 pro	3 year warranty	23.8in	1920 x 1080
http://www.debenhamsplus.com/desktops/p/1195304/acer-aspire-xc-780-core-i3-7100-4gb-1tb-dvd-rw-windows-10-desktop	acer aspire xc-780 core i3-7100 4gb 1tb dvd-rw windows 10 desktop	integrated	intel			3.9ghz	intel	intel core i3	i3-7100	1tb		ddr4 sdram	4gb	£74.97	small form factor (sff)	windows 10			
http://www.debenhamsplus.com/desktops/p/1021223/hp-zero-client-t310-teradaci-tera-31-51mb-56mb-desktop	hp zero client t310 teradaci tera 2321 512mb 256mb thin client desktop	integrated	n/a				tera	tera	2321			ddr3 sdram	512mb	£51.98	all in one	no os	3 year warranty	23.6in	
http://www.debenhamsplus.com/desktops/p/1205714/zoostorm-voyager-amd-ryzen-5-1400-8gb-1tb-geforce-gtx-1050-dvd-rw-windows-10-gaming-desktop	zoostorm voyager amd ryzen 5 1400 8gb 1tb geforce gtx 1050 dvd-rw windows 10 gaming desktop	dedicated	nvidia	geforce gtx 1050	2gb	3.2ghz	amd	ryzen 5	1400	1tb			8gb	£685	atx	windows 10	1 year warranty		
http://www.debenhamsplus.com/desktops/p/1199086/lenovo-ideacentre-y710-cube-15ish-core-i5-6400-8gb-1tb-geforce-gtx-1070-windows-10-gaming-desktop	lenovo ideacentre y710 cube-15ish core i5-6400 8gb 1tb geforce gtx 1070 windows 10 gaming desktop	dedicated	nvidia	geforce gtx 1070	8gb	2.7ghz	intel	intel core i5	6400	1tb			8gb	£1085	tower	windows 10	1 year warranty		
http://www.debenhamsplus.com/desktops/p/1139083/hp-z640-intel-xeon-x5-2650v4-2.2ghz-32gb-512gb-ssd-windows-7-professional-workstation-desktop	hp z640 intel xeon x5-2650-v4 32gb 512gb ssd windows 7 professional workstation desktop	integrated	intel			2.2ghz	intel	xeon x5	2650v4		512gb	ddr4 sdram	32gb	£865.97		windows 7 pro	3 years warranty		
http://www.debenhamsplus.com/desktops/p/879346/hewlett-packard-hp-t60-wes7p-4c-16gf4gr-vga	hewlett packard hp t620 wes7p 4c 16gf/4gr vga					1.5ghz	amd	gx-415ga				ddr3l sdram	4gb	£69.98		microsoft windows 7 embedded standard			
http://www.debenhamsplus.com/desktops/p/1176079/zoostorm-evolve-core-i3-7100-8gb-2tb-dvd-rw-windows-10-desktop	zoostorm evolve core i3-7100 8gb 2tb dvd-rw windows 10 desktop	integrated	hd graphics			3.9ghz	intel	intel core i3	i3-7100	2tb		ddr4 sdram	8gb	£445	m-atx	windows 10	1 year warranty		
http://www.debenhamsplus.com/desktops/p/1160636/hewlett-packard-hp-t630-amd-gx-420gi-2ghz-4gb-32gb-amd-radeon-r6e-windows-7e-thin-client-desktop	hp zbook 17 g3 core i7-6700hq 8gb 500gb 17.3 inch windows 7 professional laptop	integrated				2.6ghz	intel	intel core i7	6700hq	500gb		ddr4 sdram	8gb	£141.97		windows 7 pro	3 year warranty	17.3in	
http://www.debenhamsplus.com/desktops/p/1109014/msi-vortex-g65-008uk-skylake-core-i7-6700k-8gb-1tb-nvidia-gtx980-8gb-windows-10-gaming-desktop	lenovo yoga core i5-6260u 8gb 256gb ssd 13.3 inch windows 10 laptop	integrated				1.8ghz	intel	intel core i5	6260u		256gb	lpddr3 sdram	8gb			windows 10	1 year warranty	13.3in	
http://www.debenhamsplus.com/desktops/p/1143916/msi-aegis-x-002eu-b7670k-core-i7-6700k-4ghz-16gb-2tb-256gb-ssd-geforce-gtx-1070-8gb-dvd-rw-windows-10-gaming-desktop	microsoft surface book core i7-6600u 16gb 1tb ssd geforce gtx 965m 13.5 inch windows 10 professional laptop	dedicated	nvidia	geforce gtx 965m	2gb	2.6ghz	intel	intel core i7	6600u		1tb	lpddr3 sdram	16gb	£275.97		windows 10 pro	1 year warranty	13.5in	3000 x 2000
http://www.debenhamsplus.com/desktops/p/891718/hewlett-packard-hp-flexible-thin-client-t50-gx-1jc-1.-ghz-4gb-16gb-microsoft-windows-embedded-standard-7e-3-bit-thin-client	asus eeebook e200ha intel atom z8350 2gb 32g 11.6 inch windows 10 laptop - white	integrated				1.44ghz	intel	atom x5	z8350	32gb		ddr3 sdram	2gb	£44.97		windows 10	1 year warranty	11.6in	
http://www.debenhamsplus.com/desktops/p/1189420/zoostorm-delta-micro-core-i7-6700-8gb-1tb-dvd-rw-windows-10-desktop	asus zenbook flip ux560uq core i7-7500u 12gb 2tb + 512gb ssd 15.6 inch windows 10 convertible laptop	dedicated	nvidia		2gb	2.7ghz	intel	intel core i7	7500u	2tb	512gb	ddr4 sdram	12gb	£235.97		windows 10	1 year warranty	15.6in	
http://www.debenhamsplus.com/desktops/p/1130105/hp-z440-intel-xeon-e5-1603v3-2.8ghz-8gb-1tb-dvd-rw-windows-7-professional-workstation-desktop	hp zbook 15 g3 intel xeon e3-1505mv5 16gb 256gb ssd 15.6 inch windows 7 professional laptop	integrated				2.8ghz	intel	xeon	1505mv5		256gb	ddr4 sdram	16gb	£516.98		windows 7 pro	3 year warranty	15.6in	
http://www.debenhamsplus.com/desktops/p/1067064/hp-workstation-z240-mt-1-x-core-i5-6600-3.3-ghz-ram-8-gb-hdd-1-tb-dvd-supermulti-hd-graphics-530-gige-windows-7-professional-64-bit-edition-windows-10-pro-downg	toshiba tecra z50-c-12f core i7-6600u 16gb 256gb ssd geforce 930m 15.6 inch windows 7 professional l	dedicated	nvidia	geforce 930m		2.6ghz	intel	intel core i7	6600u		256gb	ddr3l sdram	16gb	£194.97		windows 7 pro	1 year warranty	15.6in	
http://www.debenhamsplus.com/desktops/p/1144782/lenovo-thinkstation-p410-30b3-xeon-e5-1630v4-16gb-256gb-ssd-dvd-rw-windows-10-professional-desktop	hp probook 640 g2 core i5-6200u 4gb 500gb dvd-rw 14 inch windows 7 professional laptop	integrated				2.3ghz	intel	intel core i5	6200u	500gb		ddr4 sdram	4gb	£84.97		windows 10 pro	1 year warranty	14in	
http://www.debenhamsplus.com/desktops/p/1183699/msi-cubi-2-014uk-core-i3-7100u-4gb-128gb-ssd-windows-10-desktop	msi titan sli 4k gt73vr core i7-7820hk 32gb 1tb + 512gb ssd 2x geforce gtx 1070 17.3 inch windows 10	dedicated	nvidia	geforce gtx 1070	8gb	2.9	intel	intel core i7	i7-7820hk	1	512	ddr4 sdram	32gb	£404.97		windows 10	2 years warranty	17.3in	
http://www.debenhamsplus.com/desktops/p/1143918/msi-aegis-033eu-b56400-core-i5-6400-16gb-1tb-256gb-ssd-geforce-gtx-1070-8gb-dvd-rw-windows-10-gaming-desktop	fujitsu lifebook a557 core i5-7200u 8gb 256gb ssd 15.6 inch windows 10 professional laptop	integrated				2.5ghz	intel	intel	7200u		256gb	ddr4 sdram	8gb	£66.97		windows 10 pro	1 year warranty	15.6in	
http://www.debenhamsplus.com/desktops/p/1210838/hp-280-g2-core-i5-4gb-500gb-dvd-rw-windows-10-professional-desktop-aoc-21.5-hd-ready-monitor	toshiba portégé z30-c-16j core i5-6200u 8gb 256gb ssd 13.3 inch windows 10 professional laptop	integrated				2.3ghz	intel	intel core i5	6200u		256gb	ddr3l sdram	8gb	£284.97		windows 10 pro	1 year warranty	13.3in	
http://www.debenhamsplus.com/desktops/p/1193372/asus-zen-core-i5-7200u-8gb-1tb-geforce-gtx-940mx-23.8-inch-windows-10-all-in-one	toshiba sat pro pentium 4405u 4gb 128gb ssd dvd-rw 14 inch windows 10 professional laptop	integrated					intel	intel pentium	4405u		128gb		4gb	£25.97		windows 10 pro	1 year warranty	14in	
http://www.debenhamsplus.com/desktops/p/1205860/new-apple-imac-core-i5-8gb-2tb-3.8ghz-27-inch-all-in-one-with-retina-5k-display	hp omen 17-w111na core i7-6700hq 16gb 512gb ssd geforce gtx 1070 17.3 inch windows 10 gaming laptop	dedicated	nvidia	geforce gtx 1070	8gb	2.6ghz	intel	intel core i7	6700hq		512gb	ddr4 sdram	16gb	£270.97		windows 10	1 year warranty	17.3in	
http://www.debenhamsplus.com/desktops/p/1160637/hewlett-packard-hp-t630-amd-gx-420gi-2ghz-8gb-32gb-windows-10-iot-thin-client-desktop	hp elitebook folio g1 core m5-6y54 8gb 256gb ssd 12.5 inch windows 10 professional laptop	integrated				1.1ghz	intel	core m5	6y54		256gb	lpddr3 sdram	8gb	£291.97		windows 10 pro	3 year warranty	12.5in	
http://www.debenhamsplus.com/desktops/p/1160170/hewlett-packard-hp-omen-x-core-i7-6700k-32gb-2tb-512gb-ssd-geforce-gtx-1070-8gb-windows-10-gaming-desktop	asus celeron n3060 2gb 32gb 13.3 inch chrome os chromebook - red	integrated				1.6ghz	intel	intel celeron	n3060			lpddr3 sdram	4gb	£33.97		chrome os	1 year warranty	13.3in	
http://www.debenhamsplus.com/desktops/p/1196847/dell-optiplex-3050-i3-7100t-4gb-500gb-dvd-rw-19.5-inch-windows-10-professional-all-in-one	msi stealth pro gs73vr 6rf core i7-6700hq 16gb 2tb 128gb ssd nvidia geforce gtx 1060 17.3 inch gaming laptop	dedicated	nvidia	geforce gtx 1060			intel	intel core i7	6700hq		128gb		16gb	£197.97			1 year warranty	17.3in	
http://www.debenhamsplus.com/desktops/p/1150740/asus-rog-g11cd-uk037t-core-i5-6400-8gb-1tb-geforce-gtx-1070-8gb-dvd-rw-windows-10-gaming-desktop	hp elitebook 1040 g3 core i7-6500u 8gb 256gb ssd 14 inch windows 10 proffesional laptop	integrated				2.5ghz	intel	intel core i7	6500u		256gb	ddr4 sdram	8gb	£344.98		windows 10 pro	3 year warranty	14in	
http://www.debenhamsplus.com/desktops/p/1160132/hewlett-packard-hp-omen-870-180na-core-i5-6400-8gb-2tb-128gb-ssd-geforce-gtx-1080-8gb-windows-10-gaming-desktop	hp elitebook 840 g4 core i5-7200u 4gb 256gb ssd 14 inch windows 10 professional laptop	integrated				2.5ghz	intel	intel core i5	7200u		256gb	ddr4 sdram	4gb	£350.97		windows 10 pro	3 year warranty	14in	
http://www.debenhamsplus.com/desktops/p/917108/lenovo-p900-intel-xeon-e5-60v3-4gb-1tb-windows-7-professional-workstation-desktop	lenovo thinkpad e560 20ev core i7-6500u 8gb 256gb ssd dvd-rw 15.6 inch windows 10 professional lapto	integrated				2.5ghz	intel	intel core i7	6500u		256gb	ddr3l sdram	8gb	£199.97		windows 10 pro	1 year warranty	15.6in	
http://www.debenhamsplus.com/desktops/p/1200494/hp-omen-870-160na-core-i5-6400-8gb-1tb-128gb-ssd-geforce-gtx-1060-dvd-rw-windows-10-gaming-desktop	hp elitebook 840 g3 core i5 6200u 8gb 256gb ssd 14 inch windows 7 professional laptop	integrated				2.3ghz	intel	intel core i5	6200u		256gb		8gb	£259.98		windows 7 pro	3 year warranty	14in	
http://www.debenhamsplus.com/desktops/p/1163269/lenovo-ideacentre-910-i5-6400t-8gb-1tb-nvidia-940m-2gb-no-odd-windows-10-27-all-in-one	acer travelmate p238-m core i5-6200u 4gb 500gb 13.3 inch windows 10 professional laptop	integrated				2.3ghz	intel	intel core i5	6200u	500gb		ddr3l sdram	4gb	£174.97		windows 10 pro	1 year warranty	13.3in	
http://www.debenhamsplus.com/desktops/p/1203830/fujitsu-celsius-w570-core-i7-7700-16gb-1tb-256gb-ssd-quadro-p4000-dvd-rw-windows-10-professional-gaming-desktop	lenovo thinkpad x1 yoga 250fq core i7-6500u 8gb 256gb ssd windows 10 professional touchscreen laptop	integrated				2.5ghz	intel	intel core i7	6500u		256gb	lpddr3 sdram	8gb	£419.97		windows 10 pro	3 year warranty	14in	2560 x 1440
http://www.debenhamsplus.com/desktops/p/1166264/lenovo-thinkstation-p310-xeon-e3-1245v5-8gb-256gb-ssd-dvd-rw-windows-10-professional-desktop	new apple macbook intel core m3 1.2ghz 256gb ssd 12 inch laptop - silver	integrated				1.2ghz	intel	core m3			256gb	lpddr3 sdram	8gb	£1155		os x 10.12 sierra	1 year warranty	12in	
http://www.debenhamsplus.com/desktops/p/1126366/hp-z240-core-i7-6700-16gb-256gb-ssd-dvd-rw-windows-7-professional-workstation	acer aspire es1-572 core i3-6006u 6gb 128gb ssd dvd-rw 15.6 inch windows 10 laptop	integrated				2ghz	intel	intel core i3	6006u		128gb	ddr4 sdram	6gb	£58.97		windows 10	1 year warranty	15.6in	
http://www.debenhamsplus.com/desktops/p/1168127/fujitsu-celsius-w550-core-i7-6700-8gb-256gb-ssd-quadro-m2000-dvd-rw-windows-10-professional-workstat	asus pro p2430ua core i5-6200u 4gb 500gb dvd-rw 14 inch windows 10 professional laptop	integrated				2.3ghz	intel	intel core i5	6200u	500gb		ddr4 sdram	4gb	£79.97		windows 10 pro	3 year warranty	14in	
http://www.debenhamsplus.com/desktops/p/1187405/msi-aegis-204eu-core-i7-6700-16gb-1tb-256gb-ssd-geforce-gtx-1070-dvd-rw-windows-10-gaming-desktop	lenovo n23 chromebook celeron n3160 4gb 16gb ssd 11.6 inch chrome os	integrated				1.6ghz	intel	intel celeron	n3160		16gb	ddr3l sdram	4gb	£30.97		chrome os	1 year warranty	11.6in	
http://www.debenhamsplus.com/desktops/p/1169084/hp-flexible-t520-amd-gx-212jc-4gb-32gb-ssd-windows-10-iot-enterprise-thin-client	dell xps 15-9550 core i7-6700hq 16gb 512gb ssd 15.6 inch windows 10 laptop	integrated				2.6ghz	intel	intel core i7	6700hq		512gb		16gb	£158.97		windows 10	1 year warranty	15.6in	
http://www.debenhamsplus.com/desktops/p/1152470/hewlett-packard-hp-400-g2-core-i5-6500t-8gb-128gb-windows-10-professional-all-in-one	microsoft surface book core i5 8gb 256gb 13.5 inch windows 10 professional laptop	integrated				2.4ghz	intel	intel core i5			256gb	lpddr3 sdram	8gb	£239.97		windows 10 pro	1 year warranty	13.5in	3000 x 2000
http://www.debenhamsplus.com/desktops/p/1206560/stormforce-typhoon-amd-ryzen-7-1700x-16gb-2tb-256gb-ssd-geforce-gtx-1080-dvd-rw-windows-10-gaming-desktop	lenovo e570 core i5-7200 4gb 500gb dvd-rw 15.6 inch windows 10 professional laptop	integrated				2.5ghz	intel	intel core i5	7200	500gb		ddr4 sdram	4gb	£96.97		windows 10 pro	1 year warranty	15.6in	
http://www.debenhamsplus.com/desktops/p/1207967/stormforce-tornado-core-i5-6400-8gb-1tb-geforce-gtx-1070-dvd-rw-windows-10-gaming-desktop	toshiba tecra a40-c-1df core i5-6200u 8gb 256gb ssd 14 inch windows 10 professional laptop	integrated				2.3ghz	intel	intel core i5	6200u		256gb	ddr3l sdram	8gb	£308.97		windows 10 pro	1 year warranty	14in	
http://www.debenhamsplus.com/desktops/p/1199104/lenovo-ideacentre-y700-34ish-core-i5-6400-8gb-1tb-geforce-gtx-1060-dvd-rw-windows-10-gaming-desktop	msi dominator pro gt72vr 7re core i7-7700hq 16gb 1tb 256gb ssd geforce gtx 1070 dvd-rw 17.3 inch win			geforce gtx 1070	8gb	2.8ghz	intel	intel core i7	i7-7700hq	1tb	256gb	ddr4 sdram	16gb	£348.97		windows 10	2 years warranty	17.3in	
http://www.debenhamsplus.com/desktops/p/1169359/pc-specialist-core-i7-7700-16gb-3tb-240gb-ssd-geforce-gtx-1080-dvd-rw-windows-10-gaming-desktop	dell vostro 3568 core i3-7100u 4gb 128gb ssd dvd-rw 15.6 inch windows 10 professional laptop	integrated				2.4ghz	intel	intel core i3	7100u		128gb	ddr4 sdram	4gb	£55.97		windows 10 pro	1 year warranty	15.6in	
http://www.debenhamsplus.com/desktops/p/1186486/msi-codex-005eu-core-i5-6400-8gb-1tb-geforce-gtx-1060-dvd-rw-windows-10-gaming-desktop	asus zenbook ux330ua core i7-7500 8gb 512gb ssd 13.3 inch windows 10 laptop	integrated				2.7ghz	intel	intel core i7	7500		512gb	lpddr3 sdram	8gb	£224.97		windows 10	1 year warranty	13.3in	
http://www.debenhamsplus.com/desktops/p/1136473/hp-omen-870-080na-core-i7-6700k-4ghz-32-gb-3tb-512-gb-ssd-dvd-rw-amd-radeon-r9-390x-windows-10-gaming-desktop	medion erazer x7851 core i7-7700hq 16gb 1tb + 256gb ssd geforce gtx 1060 17.3 inch windows 10 gaming laptop	dedicated	nvidia	geforce gtx 1060	6gb	2.8ghz	intel	intel core i7	7700hq	1tb	256gb		16gb	£1450		windows 10	1 year warranty	17.3in	
http://www.debenhamsplus.com/desktops/p/1196855/stormforce-ventus-core-i7-7700-16gb-2tb-128gb-ssd-geforce-gtx-1080ti-dvd-rw-windows-10-gaming-desktop	medion erazer x7843 core i7-6820hk 32gb 1tb + 240gb ssd geforce gtx 980m 8gb 17.3 inch windows 10 gaming laptop	dedicated	nvidia	geforce gtx 980m	8gb	2.7ghz	intel	intel core i7	6820hk	1tb	240gb		32gb	£444.98		windows 10	1 year warranty	17.3in	
http://www.debenhamsplus.com/desktops/p/1169356/pc-specialist-core-i7-7700-16gb-2tb-geforce-gtx-1070-dvd-rw-windows-10-gaming-desktop	asus zenbook flip ux360ca core m5-7y54 8gb 256gb ssd 13.3 inch windows 10 professional convertible l	integrated				1.2ghz	intel	intel core i5	7y54		256gb	lpddr3 sdram	8gb	£117.97		windows 10 pro	3 year warranty	13.3in	1920 x 1080
http://www.debenhamsplus.com/desktops/p/879343/hewlett-packard-hp-t60-hp-thinpro-amd-gx-17ga-1.65-ghz-dual-core-16gb-mlc-msata-ssd-4gb-ddr3l-1600-sodimm-1x4gb-ram-energy-star-usb-vga-port-thin-client-united-kingdom-uk-english-loca	asus a540la core i3-5005 4gb 1tb dvd-rw 15.6 inch windows 10 laptop	integrated				2ghz	intel	intel core i3	5005	1tb		ddr3l sdram	4gb	£41.97		windows 10	1 year warranty	15.6in	
http://www.debenhamsplus.com/desktops/p/1211751/hp-eliteone-800-g3-core-i7-7500-8gb-1tb-dvd-rw-23.8-inch-windows-10-professional-all-in-one	asus vivobook e402na-ga005t celeron n3350 4gb 32gb 14 inch windows 10 laptop - white	integrated					intel	intel celeron	n3350	32gb			4gb	£39.97		windows 10	1 year warranty	14in	
http://www.debenhamsplus.com/desktops/p/1212144/asus-a4321ukh-core-i5-7400-4gb-500gb-dvd-rw-19.5-inch-windows-10-professional-all-in-one	toshiba satellite pro a50-c-207 core i7-6500u 8gb 1tb dvd-sm 15.6 inch windows 10 pro laptop	integrated					intel	intel core i7	6500u	1tb		ddr3l sdram	8gb	£136.97		windows 10 pro	1 year warranty	15.6in	
http://www.debenhamsplus.com/desktops/p/1162895/msi-vr-one-6rd-009uk-core-i7-6820hk-16gb-256gb-ssd-geforce-gtx-1060-windows-10-professional-gaming-backpack-pc	acer travelmate b117-m-p524 intel pentium n3710 4gb 500gb 11.6 inch windows 10 laptop	integrated				1.6ghz	intel	intel pentium	n3710	500gb		ddr3l sdram	4gb			windows 10	1 year warranty	11.6in	
http://www.debenhamsplus.com/desktops/p/1187503/asus-g11cd-uk040t-core-i5-6400-8gb-1tb-geforce-gtx-1060-dvd-rw-windows-10-gaming-desktop	hp elitebook 840 g3 core i7-6500u 8gb 512gb ssd 14 inch windows 10 professional laptop	integrated				2.5ghz	intel	intel core i7	6500u		512gb		8gb	£95.97		windows 10 pro	1 year warranty	14in	
http://www.debenhamsplus.com/desktops/p/1199115/lenovo-ideacentre-510-23ish-core-i5-6400t-8gb-1tb-dvd-rw-23-inch-windows-10-desktop	toshiba satellite pro a50-d-12x core i5 7200u 4gb 128gb ssd 15.6 inch dvd-sm windows 10 laptop	integrated				2.5ghz	intel	intel core i5	7200u		128gb	ddr4 sdram	4gb	£169.99		windows 10	1 year warranty	15.6in	
http://www.debenhamsplus.com/desktops/p/1163613/fujitsu-celsius-j550-xeon-e3-1240v5-8gb-256gb-ssd-amd-firepro-w4300-dvd-rw-windows-10-professional-gaming-desktop	fujitsu lifebook a557 core i5-7200u 4gb 500gb 15.6 inch windows 10 laptop	integrated				2.5ghz	intel	intel core i5	7200u	500gb		ddr4 sdram	4gb	£55.97		windows 10	1 year warranty	15.6in	
http://www.debenhamsplus.com/desktops/p/1199100/lenovo-ideacentre-510-23ish-core-i5-6400t-8gb-1tb-gt940mx-dvd-rw-23-inch-windows-10-all-in-one	"linx 12v32 intel atom 2gb ram 32gb hdd 12"" windows 10 tablet with keyboard"						intel	intel atom		32gb			2gb	£269		windows 10		12inch	
http://www.debenhamsplus.com/desktops/p/1176007/stormforce-typhoon-core-i7-7700k-16gb-3tb-256gb-ssd-geforce-gtx-1080-dvd-rw-windows-10-gaming-desktop	lenovo ideapad 310 intel core i5-7200u 8gb 1tb dvd-rw windows 10 laptop - red	integrated					intel	intel core i5	7200u	1tb			8gb	£109.97		windows 10	1 year warranty	15.6in	
http://www.debenhamsplus.com/desktops/p/1168893/asus-vivomini-vm65n-core-i5-6200u-8gb-1tb-128gb-ssd-windows-10-desktop	hp elitebook 1040 g3 core i7-6500u 8gb 512gb ssd 14 inch windows 10 professional touchscreen laptop	integrated				2.5ghz	intel	intel core i7	6500u		512gb	ddr4 sdram	8gb	£298.97		windows 10 pro	3 year warranty	14in	
http://www.debenhamsplus.com/desktops/p/1057303/hp-proone-400-g-core-i3-6100t-4gb-500gb-dvd-sm-windows-10-professional-touchscreen-all-in-one	hp zbook 15 g3 core i7-6700hq 8gb 1tb 15.6 inch windows 7 professional laptop	integrated				2.6ghz	intel	intel core i7	6700hq	1tb		ddr4 sdram	8gb	£276.97		windows 7 pro	3 year warranty	15.6in	
http://www.debenhamsplus.com/desktops/p/1162864/msi-aegis-core-i5-6400-16gb-1tb-256gb-ssd-geforce-gtx-1070-windows-10-gaming-desktop-with-free-headset-and-mafia-3-game	asus zenbook ux310ua core i7-7500u 8gb 256gb ssd 13.3 inch windows 10 professional laptop	integrated				2.7ghz	intel	intel core i7	7500u		256gb	ddr4 sdram	8gb	£155.97		windows 10 pro	3 year warranty	13.3in	
http://www.debenhamsplus.com/desktops/p/1213062/hp-prodesk-400-g4-core-i3-6100-4gb-128gb-ssd-dvd-rw-windows-10-desktop	lenovo ideapad g50 core i3-5005u 8gb 1tb dvd-rw 15.6 inch windows 10 laptop	integrated				2ghz	intel	intel core i3	5005u	1tb		ddr3l sdram	8gb	£29.97		windows 10	1 year warranty	15.6in	
http://www.debenhamsplus.com/desktops/p/1196856/stormforce-lux-core-i7-7700k-16gb-3tb-256gb-ssd-geforce-gtx-1080ti-dvd-rw-windows-10-gaming-desktop	hp elitebook 840 g3 core i7-6500u 8gb 256gb ssd 14 inch windows 7 professional laptop	integrated				2.5ghz	intel	intel core i7	6500u		256gb	ddr4 sdram	8gb	£176.97		windows 7 pro	3 year warranty	14in	
http://www.debenhamsplus.com/desktops/p/1124747/lenovo-m800z-touch-aio-ci5-6400-4gb-500gb-dvdrw-intel-integrated-1.5-inch-multi-touch-win10pro-3yr-onsite	hp 250 g5 core i3-5005u 4gb 500gb 15.6 inch windows 10 laptop	integrated				2ghz	intel	intel core i3	5005u	500gb		ddr3l sdram	4gb	£28.97		windows 10	1 year warranty	15.6in	
http://www.debenhamsplus.com/desktops/p/1021242/wacom-cintiq-7qhd-560x1440-7-touch-display-and-pen	lenovo t460s core i7-6600u 8gb 256gb ssd 14 inch windows 7 professional laptop	integrated				2.6ghz	intel	intel core i7	6600u		256gb	ddr4 sdram	8gb	£1737		windows 7 pro	3 year warranty	14in	
http://www.debenhamsplus.com/desktops/p/1193197/hp-prodesk-600-g3-core-i3-7100-3.9ghz-4gb-500gb-dvd-writwr-windows-10-professional-desktop	asus zenbook ux310ua core i3-7100 4gb 256gb ssd 13.3 inch windows 10 laptop	integrated				2.4ghz	intel	intel core i3	7100u		256gb	ddr4 sdram	4gb	£88.97		windows 10	1 year warranty	13.3in	
http://www.debenhamsplus.com/desktops/p/1193912/hp-prodesk-600-g3-core-i5-7500-3.4ghz-4gb-500gb-dvd-rw-windows-10-professional-desktop	medion x7853 core i7-7700hq 16gb 1tb + 256gb ssd geforce gtx 1070 17.3 inch windows 10 gaming laptop	dedicated	nvidia	geforce gtx 1070	8gb	2.8ghz	intel	intel core i7	7700hq	1tb	256gb		16gb	£1695		windows 10	1 year warranty	17.3in	
http://www.debenhamsplus.com/desktops/p/1168612/asus-core-i5-7400-8gb-2tb-128gb-ssd-geforce-gtx-1050-dvd-rw-windows-10-gaming-desktop	hp 15-ba101na amd a9-9410 8gb 2tb dvd-rw 15.6 inch windows 10 laptop	integrated	amd			2.9ghz	amd	a9	9410	2tb		ddr4 sdram	8gb	£134.98		windows 10	1 year warranty	15.6in	
http://www.debenhamsplus.com/desktops/p/1129370/hp-z440-intel-xeon-e5-1620v4-3.5ghz-16-gb-1tb-dvd-rw-windows-7-professional-workstation-desktop	dell latitude 3560 core i3-5005u 4gb 500gb 15.6 inch windows 10 professional laptop	integrated				2ghz	intel	intel core i3	5005u	500gb		ddr3l sdram	4gb	£62.97		windows 10 pro	1 year warranty	15.6in	
http://www.debenhamsplus.com/desktops/p/1188929/fujitsu-celsius-w550-xeon-e3-1220v5-8gb-1tb-quadro-k620-dvd-rw-windows-10-professional-workstation	lenovo thinkpad e560 core i5-6200u 4gb 500gb dvd-rw 15.6 inch windows 10 professional laptop	integrated				2.3ghz	intel	intel core i5	6200u	500gb		ddr3l sdram	4gb	£96.97		windows 10 pro	1 year warranty	15.6in	
http://www.debenhamsplus.com/desktops/p/1151281/hewlett-packard-hp-400-g2-core-i3-6100t-4gb-500gb-20-inch-windows-10-professional-all-in-one	pc specialist optimus viii bd17 core i5-7300hq 8gb 1tb + 128gb ssd geforce gtx 1050ti 17.3 inch wind	dedicated	nvidia	geforce gtx 1050ti		2.5ghz	intel	intel core i5	7300hq	1tb	128gb		8gb	£144.97		windows 10		17.3in	
http://www.debenhamsplus.com/desktops/p/1176121/zoostorm-evolve-amd-a8-7600-8gb-1tb-dvd-rw-windows-10-desktop	hp zbook 15u g3 core i7-6500u 16gb 256gb ssd windows 10 professional laptop	integrated				2.5ghz	intel	intel core i7	6500u		256gb	ddr4 sdram	16gb	£99.97		windows 10 pro	3 year warranty	15.6in	
http://www.debenhamsplus.com/desktops/p/1196863/pc-specialist-osiris-striker-amd-ryzen-1600-8gb-1tb-120gb-ssd-geforce-gtx-1060-dvd-rw-windows-10-desktop	lenovo thinkpad l560 20f1 core i5-6200u 4gb 500gb dvd-rw 15.6 inch windows 7 professional laptop	integrated				2.3ghz	intel	intel core i5	6200u	500gb		ddr3l sdram	4gb	£78.97		windows 7 pro	1 year warranty	15.6in	
http://www.debenhamsplus.com/desktops/p/1144564/lenovo-thinkstation-p410-xeon-e5-1650v4-16gb-256gb-ssd-dvd-rw-windows-10-professional-desktop	asus zenbook 3 ux390ua core i7-7500u 16gb 512gb ssd 12.5 inch windows 10 laptop	integrated				2.7ghz	intel	intel core i7	7500u		512gb	lpddr3 sdram	16gb	£263.97		windows 10	1 year warranty	12.5in	
http://www.debenhamsplus.com/desktops/p/1144762/asus-rog-g11cd-uk009t-core-i5-6400-8gb-1tb-geforce-gtx-970-4gb-windows-10-desktop	asus vivobook pro core i5-6300hq 12gb 512gb ssd geforce gtx 950m dvd-rw 17.3 inch windows 10 gaming laptop	dedicated	nvidia	geforce gtx 950m		2.3ghz	intel	intel core i5	6300hq		512gb		12gb	£254.98		windows 10		17.3in	
http://www.debenhamsplus.com/desktops/p/1196784/acer-aspire-c20-720-celeron-j3060-4gb-1tb-dvd-rw-19.5-inch-windows-10-all-in-one	acer swift 1 sf114-31-p4j3 intel pentium n3710 4gb 128gb ssd 14 inch windows 10 laptop	integrated				1.6ghz	intel	intel pentium	n3710		128gb	ddr3l sdram	4gb	£72.97		windows 10	1 year warranty	14in	
http://www.debenhamsplus.com/desktops/p/1179509/zoostorm-voyager-core-i3-7100-8gb-1tb-geforce-gtx-1050ti-dvd-rw-windows-10-gaming-desktop	acer aspire f 15 f5-573g core i5-7200u 8gb 1tb + 256gb ssd dvd-rw geforce gtx 950m 15.6 inch windows 10 gaming laptop	dedicated	nvidia	geforce gtx 950m	4gb	2.5ghz	intel	intel core i5	i5-7200u	1tb	256gb	ddr4 sdram	8gb	£120.97		windows 10 home	1 year warranty	15.6in	
