GB	root.title	root.price	General.Type	General.RAM	General.GPU	General.Brand	General.Model	General.Processor	General.CPU	General.Core	General.Color	General.RAMType	General.ROM	DimensionandWeight.Productweight	DimensionandWeight.Productsize(LxWxH)	ProductDetails.Interface	ProductDetails.HDMIVersion	ProductDetails.Bluetooth	ProductDetails.RJ45PortSpeed	FirmwareInformation.WiFiChip	FirmwareInformation.SystemBit	General.MaximumExternalHardDrivesCapacity	General.System	ProductDetails.WIFI
http://www.gearbest.com/tv-box-mini-pc/pp_343433.html	hystou fmp03 fanless mini pc	$263.73	mini pc 	16gb 	intel hd graphics 4400 	hystou 	fmp03 		core-i5-4250u 	2.6ghz 	silver 	ddr3 	4g emmc + 64g ssd 	1.2500 kg 	19.80 x 19.80 x 3.70 cm / 7.8 x 7.8 x 1.46 inches 	dc power port,hdmi,lan,usb3.0,vga 	2	unsupport 	0	no 	32bit 			
http://www.gearbest.com/tv-box-mini-pc/pp_503488.html	alfawise h96 pro+ tv box	$67.99	tv box 	3gb 	arm mali-t820mp3 		h96 pro+ 		amlogic s912 	2.0ghz,octa core 	black 	ddr3 	32g 	0.2500 kg 	10.70 x 10.70 x 2.00 cm / 4.21 x 4.21 x 0.79 inches 	av,dc power port,ethernet,hdmi,spdif,tf card,usb2.0 	2	support 			64bit 	2tb 	android 7.1 	802.11 a/b/g/n/ac 
http://www.gearbest.com/tv-box-mini-pc/pp_632308.html	magicsee iron+ tv box	$78.99	tv box 	3g ram 	mali-820mp3 	magicsee 	iron+ 	amlogic s912 	cortex a53 	2.0ghz 		ddr4 	16g rom,32g rom 	0.2000 kg 	16.00 x 14.00 x 3.50 cm / 6.3 x 5.51 x 1.38 inches 	av,dc power port,hdmi,lan,optical,usb2.0 	2	bluetooth 4.1 	1000m 		64bit 	128gb 	android 6.0 	
http://www.gearbest.com/tv-box-mini-pc/pp_449230.html	ix95 android smart box with 2.0ghz a53 quad core	$29.1	tv box 	1g ram 	mali-450 		ix95 	amlogic s905 	arm cortex-a53 	2.0ghz 	black 	ddr3 	8g rom 	0.1550 kg 	11.50 x 11.50 x 2.00 cm / 4.53 x 4.53 x 0.79 inches 	av,dc 5v,hdmi,optical,rj45,spdif,tf card,usb2.0 	1				64bit 	2tb 	android 5.1.1 	802.11b/g/n 
http://www.gearbest.com/tv-box-mini-pc/pp_614501.html	minix z83 - 4 tv box + minix k2 mini keyboard	$220.45	tv box 	4g 	intel hd graphic 	minix 	z83 - 4 		intel atom x5-z8350 	quad core 		ddr3l 	32g 	0.9840 kg 	12.70 x 12.70 x 2.40 cm / 5 x 5 x 0.94 inches 	3.5mm audio,dc power port,ethernet,hdmi,mini dp 		support 		ap6255 	64bit 		windows 10 	
http://www.gearbest.com/tv-box-mini-pc/pp_446519.html	bm8 set top box android amlogic s905x quad core	$57.47	tv box 	2g 	mali-450 		bm8 		amlogic s905x 	2.0ghz,quad core 	black 	ddr3 	32g 	0.2000 kg 	9.80 x 9.80 x 2.60 cm / 3.86 x 3.86 x 1.02 inches 	av,dc power port,hdmi,rj45,tf card,usb2.0 		bluetooth4.0 			64bit 		android 6.0 	802.11 b/g/n/ac 
http://www.gearbest.com/tv-box-mini-pc/pp_649610.html	m96x max smart tv box	$52.98	tv box 	2g ram 	mali-450 		m96x max 	s905x 	arm cortex-a53 	2.0ghz,quad core 		ddr3 	16g rom 	0.3000 kg 	11.80 x 11.80 x 2.30 cm / 4.65 x 4.65 x 0.91 inches 		2	bluetooth4.0 	10 / 100m 	ap6335 	64bit 	32gb 	android 7.1 	
http://www.gearbest.com/tv-box-mini-pc/pp_627267.html	thl box 1 pro tv box	$67.52	tv box 	1g,2g 	mali-450 	thl 		s905x 	cortex a53 	quad core 		ddr3 	16g,8g 	0.1980 kg 	10.50 x 10.50 x 2.00 cm / 4.13 x 4.13 x 0.79 inches 	av,dc power port,hdmi,rj45,tf card,usb2.0 	1.4	unsupport 	100m 	rtl8189 	32bit 	128gb 	android 6.0 	
http://www.gearbest.com/tv-box-mini-pc/pp_463452.html	km5 android tv pc box quad core amlogic s905x	$37.14	tv box 	1g 	mali-450 		km5 		amlogic s905x 	2.0ghz,quad core 	black 	ddr3 	8g 	0.1040 kg 	9.80 x 9.80 x 2.60 cm / 3.86 x 3.86 x 1.02 inches 	3.5mm audio,dc power port,hdmi,micro sd card slot,rj45,usb2.0 	2				64bit 		android 6.0 	802.11b/g/n 
http://www.gearbest.com/tv-box-mini-pc/pp_372952.html	gole gole1 5 inch 720 x 1280 mini pc windows 10 / android 5.1	$149.39	mini pc 	4g 	gen 8 graphics 		gole1 		intel cherry trail z8300 	1.84ghz,quad core 	golden 	lpddr3 	32g 	0.200 kg 	13.50 x 9.00 x 2.00 cm / 5.31 x 3.54 x 0.79 inches 	3.5mm audio,dc power port,ethernet,hdmi,micro usb,tf card,usb2.0,usb3.0 	2	bluetooth4.0 			64bit 		android 5.1,windows 10 	802.11 b/g/n/ac 
http://www.gearbest.com/tv-box-mini-pc/pp_372953.html	gole gole1 5 inch 720 x 1280 mini pc windows 10 / android 5.1	$149.99	mini pc 	4g 	gen 8 graphics 		gole1 	intel atom x5-z8350 	intel atom x5-z8350 	1.84ghz,quad core 	golden 	ddr3 	64g 	0.200 kg 	13.50 x 9.00 x 2.00 cm / 5.31 x 3.54 x 0.79 inches 	3.5mm audio,dc power port,ethernet,hdmi,micro usb,tf card,usb2.0,usb3.0 		bluetooth4.0 			64bit 		android 5.1,windows 10 	802.11 b/g/n/ac 
http://www.gearbest.com/tv-box-mini-pc/pp_614302.html	minix neo u1 live tv box + minix neo a3 air mouse	$144.56	tv box 	2g 	mali-450 	minix 	neo u1 		cortex a53 	quad core 	black 	ddr3 	16g 	0.7600 kg 	12.70 x 12.70 x 2.20 cm / 5 x 5 x 0.87 inches 	kensington lock,otg,tf card,usb2.0 					64bit 	64gb 	android 5.1.1 	
http://www.gearbest.com/tv-box-mini-pc/pp_462430.html	alfawise s92 digital tv box octa core amlogic s912 android 6.0	$55.99	tv box 	2g 	arm mali-t820mp3 	alfawise 	s92 		amlogic s912 	2.0ghz,octa core 	black 	ddr3 	16g 	0.179 kg 	11.00 x 11.00 x 1.70 cm / 4.33 x 4.33 x 0.67 inches 	dc power port,ethernet,hdmi,micro sd card slot,spdif,usb2.0 	2	bluetooth4.0 			64bit 	500gb 	android 6.0 	802.11 a/b/g/n/ac 
http://www.gearbest.com/tv-box-mini-pc/pp_401529.html	acemax g10x smart box tv amlogic s905x quad core	$45.41	tv box 	1g ram 	mali-450 	acemax 	g10x 	s905x 	arm cortex-a53 	quad core 	black 	ddr3 	8g rom 	0.1600 kg 	11.00 x 11.00 x 2.00 cm / 4.33 x 4.33 x 0.79 inches 	av,dc power port,hdmi,rj45,spdif,tf card,usb2.0 						32gb 	android 6.0 	802.11b/g/n 
http://www.gearbest.com/tv-box-mini-pc/pp_463455.html	mecool kii pro tv box quad core amlogic s905	$68.99	tv box 	2g 	mali-450 	mecool 	kii pro 	amlogic s905 	amlogic s905 	2.0ghz,quad core 	black 	ddr3 	16g 	0.1920 kg 	13.20 x 12.20 x 3.30 cm / 5.2 x 4.8 x 1.3 inches 	av,cvbs/l/r,dc power port,dvb-s2,dvb-t2,micro sd card slot,rj45,spdif,usb2.0 	2	bluetooth4.0 			64bit 		android 5.1.1 	802.11 b/g/n/ac 
http://www.gearbest.com/tv-box-mini-pc/pp_614299.html	minix z83 - 4 windows 10 tv box + minix k2 mini keyboard	$220.15	tv box 	4g 	intel hd graphic 	minix 	z83 - 4 		intel atom x5-z8350 	quad core 		ddr3l 	32g 	0.9520 kg 	26.00 x 13.00 x 5.00 cm / 10.24 x 5.12 x 1.97 inches 	3.5mm audio,dc power port,ethernet,hdmi,tf card,usb2.0,usb3.0 	1.4				64bit 	16gb	windows 10 	
http://www.gearbest.com/tv-box-mini-pc/pp_629410.html	mecool ki pro tv box	$83.99	tv box 	2g ram 	mali-450 	mecool 	ki pro 	amlogic s905d 	cortex a53 	quad core 		ddr4 	16g rom 	0.1630 kg 	13.00 x 12.00 x 3.20 cm / 5.12 x 4.72 x 1.26 inches 	dc 5v,dc power port,hdtv in,lan,optical,tf card,usb2.0 		bluetooth 4.1 	1000m 		64bit 	32gb 	android 6.0 	
http://www.gearbest.com/tv-box-mini-pc/pp_612275.html	minix neo u9 - h tv box	$163.8	tv box 	2g ram 	arm mali-t820mp3 	minix 	neo u9 - h 	amlogic s912-h 	arm cortex-a53 	octa core 	black 		16g rom 	0.2780 kg 	12.70 x 12.70 x 2.20 cm / 5 x 5 x 0.87 inches 	3.5mm audio,dc power port,hdmi,kensington lock,lan,microphone jack,otg,spdif,tf card,usb2.0 		bluetooth 4.1 		ap6335 		64gb 		802.11 a/b/g/n/ac 
http://www.gearbest.com/tv-box-mini-pc/pp_624806.html	sunvell r69 tv box	$21.99	tv box 	1g 	mali400mp2 	sunvell 	r69 	allwinner h2 	arm cortex-a7 	quad core 		ddr3 	8g 	0.2000 kg 	9.00 x 9.50 x 1.80 cm / 3.54 x 3.74 x 0.71 inches 		1.4	unsupport 	100m 	xr819 	32bit 	32gb 	android 6.0 	
http://www.gearbest.com/tv-box-mini-pc/pp_248235.html	r8 tv streaming box android 5.1 rk3368 octa-core	$71.84	tv box 	2g ram 	powervr g6110 		r8 		rk3368 	octa core 	black 	ddr3 	8g rom 	0.1350 kg 	11.70 x 11.70 x 18.50 cm / 4.61 x 4.61 x 7.28 inches 	hdmi,rj45,tf card,usb2.0 		bluetooth4.0 		ap6330 	64bit 	32gb 	android 5.1 	
http://www.gearbest.com/tv-box-mini-pc/pp_238050.html	pipo x9 box android tv 8.9 inch tablet mini pc	$141.67	tv box 	2g 		pipo 	x9 		intel baytrail t z3736f 	quad core 	black 		64g 	0.6390 kg 	21.70 x 15.20 x 6.10 cm / 8.54 x 5.98 x 2.4 inches 	3.5mm audio,dc power port,hdmi,micro usb,rj45,tf card,usb2.0 		bluetooth4.0 				64gb 	android 4.4,windows 10 	ieee 802.11 b/g/n 
http://www.gearbest.com/tv-box-mini-pc/pp_638080.html	beelink mini mxiii ii tv box amlogic s905x quad core	$39.99	tv box 	1g ram 	mali-450 	beelink 	mini mxiii ii 	s905x 	amlogic s905x 	2.0ghz 	black 	ddr3 	8g rom 	0.1780 kg 	9.60 x 9.60 x 1.60 cm / 3.78 x 3.78 x 0.63 inches 	dc power port,hdmi,micro sd card slot,rj45,spdif,usb2.0 	2	bluetooth4.0 			64bit 		android 6.0 	802.11 a/b/g/n 
http://www.gearbest.com/tv-box-mini-pc/pp_617662.html	z28 tv box	$37.99	tv box 	2g ram 	mali-450mp2 		z28 	rk3328 	cortex a53 	quad core 	black 	ddr3 	16g rom 	0.2500 kg 	11.00 x 11.00 x 2.50 cm / 4.33 x 4.33 x 0.98 inches 		2	unsupport 	10 / 100m 	8188etv 	64bit 	64gb 	android 	
http://www.gearbest.com/tv-box-mini-pc/pp_614303.html	minix neo u1 live tv box + minix neo a3 air mouse	$144.56	tv box 	2g 	mali-450 	minix 	neo u1 		cortex a53 	quad core 	black 	ddr3 	16g 	0.7600 kg 	12.70 x 12.70 x 2.20 cm / 5 x 5 x 0.87 inches 	kensington lock,otg,tf card,usb2.0 					64bit 	64gb 	android 5.1.1 	
http://www.gearbest.com/tv-box-mini-pc/pp_616046.html	scishion v88 mini ii tv box	$29.99	tv box 	2g ram 	mali-400 	scishion 	v88 mini ii 	rk3229 	rk3229 	quad core 		ddr3 	8g rom 	0.0980 kg 	11.50 x 10.50 x 2.00 cm / 4.53 x 4.13 x 0.79 inches 	av,dc power port,hdmi,spdif,tf card,usb2.0 	1.4	bluetooth4.0 	100m 	8723cs 	32bit 	32gb 	android 6.0 	
http://www.gearbest.com/tv-box-mini-pc/pp_661157.html	csa96 android 6.0 tv box	$140.02		4g 			csa96 		arm cortex-a53,arm cortex-a72 	2.0ghz 			32g 	0.1500 kg 	10.70 x 10.70 x 2.00 cm / 4.21 x 4.21 x 0.79 inches 	dc 5v,hdmi,lan,optical,tf card,type-c,usb2.0,usb3.0 	2		1000m 		64bit 		android 6.0 	
http://www.gearbest.com/tv-box-mini-pc/pp_649683.html	zidoo x7 rk3328 smart tv box	$69.0	tv box 	2g ram 	mali-450mp2 	zidoo 		rk3328 	arm cortex-a53 	2.0ghz,quad core 		ddr3 	8g rom 	0.2000 kg 	10.90 x 10.90 x 2.00 cm / 4.29 x 4.29 x 0.79 inches 		2	bluetooth 4.1 	100m 	ap6255 	64bit 	64gb 	android 7.1 	
http://www.gearbest.com/tv-box-mini-pc/pp_612098.html	mecool km8 p hd android tv box	$66.21	tv box 	2g ram 	arm mali-t820mp3 	mecool 	km8 p 	amlogic s912 	cortex a53 	octa core 		ddr3 	16g rom 	0.0900 kg 	9.70 x 9.70 x 1.70 cm / 3.82 x 3.82 x 0.67 inches 	av,dc power port,hdmi,rj45,tf card,usb2.0 	2		100m 		64bit 	128gb 	android 7.1 	802.11b/g/n 
http://www.gearbest.com/tv-box-mini-pc/pp_630433.html	sunvell t95d tv box	$23.99	tv box 	1g ram 	mali-400 	sunvell 	t95d 		rk3229 	quad core 	black 	ddr3 	8g rom 	0.1500 kg 	10.20 x 10.20 x 2.30 cm / 4.02 x 4.02 x 0.91 inches 	tf card,usb2.0 			100m 		64bit 	32gb 	android 6.0 	
http://www.gearbest.com/tv-box-mini-pc/pp_615651.html	voyo v1 mini pc intel celeron n3450	$189.99	mini pc 	4g 	intel hd graphic 	voyo 	v1 		intel celeron n3450 	quad core 	blue,golden,rose gold 	ddr3l 	128g 	0.4000 kg 	12.00 x 12.00 x 2.70 cm / 4.72 x 4.72 x 1.06 inches 	3.5mm audio,dc power port,mini hdmi female,rj45,tf card,usb3.0 	1.4	unsupport 	1000m 	out-cell 	64bit 	2tb 	windows 10.1 	
http://www.gearbest.com/tv-box-mini-pc/pp_606552.html	voyo v1 vmac mini pc	$149.99	mini pc 	4g ram 	intel hd graphic 	voyo 	v1 vmac 	apollo lake n3450 	apollo lake n3450 	quad core 		ddr3l 	64g rom 	0.4000 kg 	12.00 x 12.00 x 2.80 cm / 4.72 x 4.72 x 1.1 inches 	3.5mm audio,dc power port,mini hdmi female,rj45,tf card,usb3.0 	1.4	unsupport 	1000m 	out-cell 	64bit 		windows 10 	
http://www.gearbest.com/tv-box-mini-pc/pp_584238.html	original xiaomi mi 3s tv box amlogic s905x quad core	$54.99	tv box 	2g ram 	mali-450 	xiaomi 	3s 		amlogic s905x 	2.0ghz,quad core 	black 	ddr3 	8g rom 	0.1760 kg 	10.10 x 10.10 x 1.95 cm / 3.98 x 3.98 x 0.77 inches 	av,dc power port,hdmi,usb2.0 	2	bluetooth 4.1 + edr 	no 	no 	64bit 	no 	android 6.0 	802.11 a/b/g/n/ac 
http://www.gearbest.com/tv-box-mini-pc/pp_608447.html	mecool kiii pro internet tv box	$115.99	tv box 	3gb 	arm mali-t820mp3 	mecool 	kiii pro 	amlogic s912 	amlogic s912 	octa core 	black 	ddr3 	16g 	0.2600 kg 	13.00 x 12.00 x 3.20 cm / 5.12 x 4.72 x 1.26 inches 	av,dvb-s2,dvb-t2,hdmi,rj45,spdif,tf card,usb2.0 	2	bluetooth4.0 	1000m 	bcm4335 	64bit 	128gb 	android 6.0 	
http://www.gearbest.com/tv-box-mini-pc/pp_328433.html	onda m3 mini pc	$284.82	mini pc 	4g ram 		onda 	m3 		intel celeron g1840 	single core 	golden 	ddr3 	128g rom 	1.3070 kg 	19.70 x 19.70 x 3.30 cm / 7.76 x 7.76 x 1.3 inches 	3.5mm audio,dc power port,lan,microphone jack,mini hdmi female,usb2.0,usb3.0,vga,wifi antenna 	2				64bit 	128gb 		
http://www.gearbest.com/tv-box-mini-pc/pp_343428.html	hystou fmp03 fanless mini pc	$203.37	mini pc 		intel hd graphics 4400 	hystou 	fmp03 		core-i3-5005u 	2.0ghz 	silver 	ddr3 		1.250 kg 	19.80 x 19.80 x 3.70 cm / 7.8 x 7.8 x 1.46 inches 	dc power port,hdmi,lan,usb3.0,vga 	2				32bit 			
http://www.gearbest.com/tv-box-mini-pc/pp_607556.html	beelink gt1 ultimate tv android hd box	$71.99	tv box 	3g ram 	arm mali-t820mp3 	beelink 	gt1 ultimate 		amlogic s912 	2.0ghz,octa core 		ddr4 	32g 	0.1930 kg 	9.60 x 9.60 x 1.60 cm / 3.78 x 3.78 x 0.63 inches 	dc 5v,hdmi,lan,micro sd card slot,spdif,usb2.0 	2	bluetooth4.0 			32bit 	64gb 	android 6.0 	
http://www.gearbest.com/tv-box-mini-pc/pp_621478.html	miracast dlna airmirror airplay screen mirroring hdmi cable	$11.89																						
http://www.gearbest.com/tv-box-mini-pc/pp_616701.html	alfawise a95x r1 tv box	$22.99	tv box 	1g 	mali-400 mp 	alfawise 	a95x r1 		rk3229 	1.5ghz,quad core 		ddr3 	8g 	0.1200 kg 	9.30 x 9.30 x 1.50 cm / 3.66 x 3.66 x 0.59 inches 	av,dc 5v,hdmi,lan,spdif,tf card,usb2.0 	2	unsupport 		rtl8189 	32bit 	32gb 	android 6.0 	
http://www.gearbest.com/tv-box-mini-pc/pp_275096.html	minix neo u1 smart tv android box	$146.95	tv box 	2g 	mali-450 	minix 	neo u1 		amlogic s905 	quad core 	black 	ddr3 	16g 	0.278 kg 	12.70 x 12.70 x 2.20 cm / 5 x 5 x 0.87 inches 	3.5mm audio,dc power port,hdmi,lan,otg,spdif,tf card,usb2.0 	2	bluetooth 4.1 + edr 			64bit 	500gb 	android 5.1.1 	802.11 ac 
http://www.gearbest.com/tv-box-mini-pc/pp_649084.html	m96x smart tv box	$46.14	tv box 	2g ram 	mali-450 		m96x 	s905x 	arm cortex-a53 	quad core 		ddr3 	8g rom 	0.2800 kg 	9.60 x 9.60 x 2.00 cm / 3.78 x 3.78 x 0.79 inches 	dc power port,hdmi,optical,tf card,usb2.0,usb3.0 	2		10 / 100m 	ap6335 	64bit 	32gb 	android 7.1 	
http://www.gearbest.com/tv-box-mini-pc/pp_273232.html	minix neo u1 tv box android 5.1.1	$108.55	tv box 	2g ram 	mali-450 	minix 	neo u1 		amlogic s905 	quad core 	black 	ddr3 	16g rom 	0.2780 kg 	12.70 x 12.70 x 2.20 cm / 5 x 5 x 0.87 inches 	3.5mm audio,dc power port,hdmi,lan,otg,spdif,tf card,usb2.0 	2	bluetooth 4.1 + edr 			64bit 	128gb 	android 5.1.1 	802.11 ac 
http://www.gearbest.com/tv-box-mini-pc/pp_650019.html	m96x vbox colorful smart tv box	$45.99	tv box 	2g ram 	mali-450 		m96x vbox 	s905x 	arm cortex-a53 	2.0ghz,quad core 		ddr3 	16g rom 	0.3000 kg 	11.80 x 11.80 x 2.30 cm / 4.65 x 4.65 x 0.91 inches 		2	bluetooth4.0 	10 / 100m 	ap6335 	64bit 	32gb 	android 7.1 	
http://www.gearbest.com/tv-box-mini-pc/pp_562949.html	morefine m1s mini pc stick	$181.14	mini pc 	4g ram 	intel hd graphic 	morefine 	m1s 	intel atom x5-z8350 	intel atom x5-z8350 	quad core 	black 	ddr3 	64g rom 	0.0650 kg 	12.40 x 3.70 x 1.20 cm / 4.88 x 1.46 x 0.47 inches 	hdmi,micro sd card slot,usb2.0,usb3.0 	2	bluetooth4.0 	no 	intel 3165 	64bit 	128gb 	windows 10 	
http://www.gearbest.com/tv-box-mini-pc/pp_428934.html	mecool bb2 tv box amlogic s912 octa core	$74.95	tv box 	2g ram 	arm mali-t820mp3 	mecool 	bb2 	amlogic s912 	arm cortex-a53 	2.0ghz 	gun color 	lpddr3 	16g rom 	0.2300 kg 	10.90 x 10.90 x 2.10 cm / 4.29 x 4.29 x 0.83 inches 	av,cvbs/l/r,dc power port,hdmi,optical,rj45,spdif,tf card,usb2.0 	2	bluetooth4.0 			64bit 	32gb 	android 6.0 	802.11 a/b/g/n/ac 
http://www.gearbest.com/tv-box-mini-pc/pp_540111.html	coowell v2 wireless android box	$54.02	tv box 	2g 	mali-450 	coowell 	v2 		amlogic s905x 	2.0ghz,quad core 	black 	ddr3 	16g 	0.350 kg 	12.40 x 12.40 x 2.20 cm / 4.88 x 4.88 x 0.87 inches 	av,dc 5v,hdmi,rj45,sd card slot,spdif,usb2.0 	2	bluetooth4.0 			64bit 		android 6.0 	
http://www.gearbest.com/tv-box-mini-pc/pp_606551.html	voyo v1 vmac mini pc	$149.99	mini pc 	4g ram 	intel hd graphic 	voyo 	v1 vmac 	apollo lake n3450 	apollo lake n3450 	quad core 		ddr3l 	64g rom 	0.4000 kg 	12.00 x 12.00 x 2.80 cm / 4.72 x 4.72 x 1.1 inches 	3.5mm audio,dc power port,mini hdmi female,rj45,tf card,usb3.0 	1.4	unsupport 	1000m 	out-cell 	64bit 		windows 10 	
http://www.gearbest.com/tv-box-mini-pc/pp_288824.html	beelink bt3 intel mini pc nuc	$115.87	tv box 	2g 	intel hd graphic(gen7) 	beelink 	intel bt3 		intel atom cherry trail x5-z8300 	quad core 	black 			0.450 kg 	12.00 x 12.00 x 2.40 cm / 4.72 x 4.72 x 0.94 inches 	dc power port,hdmi,microphone jack,rj45,sd card slot,usb2.0,usb3.0 		bluetooth4.0 			32bit 	128gb 	windows 10 	802.11 a/b/g/n 
http://www.gearbest.com/tv-box-mini-pc/pp_414775.html	sunvell t95 max tv android box quad core amlogic s905	$55.47	tv box 	2g 	mali-450 	sunvell 	t95 max 		amlogic s905 	2.0ghz,quad core 	black 	ddr3 	32g 	0.400 kg 	16.00 x 11.00 x 2.50 cm / 6.3 x 4.33 x 0.98 inches 	av,dc power port,hdmi,micro sd card slot,rj45,spdif,usb2.0 		bluetooth4.0 			64bit 		android 5.1 	
http://www.gearbest.com/tv-box-mini-pc/pp_484216.html	scishion v88 plus smart tv hd box android system	$28.99	tv box 	2g 	mali-400 	scishion 	v88 plus 		rk3229 	1.5ghz,quad core 	black 	ddr3 	8g 	0.1430 kg 	11.60 x 11.60 x 2.50 cm / 4.57 x 4.57 x 0.98 inches 	av,dc power port,hdmi,rj45,sd card slot,spdif,usb2.0 	2			6051p 	32bit 	500gb 	android 5.1,android 6.0 	802.11b/g/n 
http://www.gearbest.com/tv-box-mini-pc/pp_590406.html	chuwi hibox mini pc android 5.1 + window 10 dual os 64bit	$119.99	mini pc 	4g ram 	intel hd graphic 	chuwi 	hibox 	intel atom x5-z8350 		quad core 	black 	ddr3 	64g rom 	0.2000 kg 	12.00 x 12.00 x 2.50 cm / 4.72 x 4.72 x 0.98 inches 	3.5mm audio,dc power port,ethernet,hdmi,sd card slot,usb2.0,usb3.0 	1.4	bluetooth4.0 	1000m / 100m 	no 	64bit 	128g 	android 5.1,windows 10 	802.11 a/b/g/n/ac 
http://www.gearbest.com/tv-box-mini-pc/pp_366028.html	sunvell t95m 4k hd media streaming box 64bit	$39.99	tv box 	2g 	mali-450 	sunvell 	t95m 		amlogic s905x 	2.0ghz,quad core 	black 	ddr3 	8g 	0.1340 kg 	11.30 x 11.30 x 2.40 cm / 4.45 x 4.45 x 0.94 inches 	hdmi,micro sd card slot,rj45,usb2.0 	2	support 			64bit 	500gb 	android 6.0 	ieee 802.11 b/g/n 
http://www.gearbest.com/tv-box-mini-pc/pp_619405.html	mecool m8s pro tv box	$59.99	tv box 	2g ram,3g ram 	arm mali-t820mp3 	mecool 	m8s pro 	amlogic s912 	arm cortex-a53 	1.5ghz,octa core 		ddr4 	16g rom,32g rom 	0.1100 kg 	10.20 x 10.20 x 2.10 cm / 4.02 x 4.02 x 0.83 inches 	av,dc 5v,hdmi,lan,tf card,usb2.0 	2	bluetooth 4.1 		qca9377 	64bit 	32gb 		
http://www.gearbest.com/tv-box-mini-pc/pp_443335.html	beelink mini mxiii ii tv box amlogic s905x quad core	$51.99	tv box 	2g ram 	mali-450 	beelink 	mini mxiii ii 	s905x 	amlogic s905x 	2.0ghz 	black 	ddr3 	16g rom 	0.1780 kg 	9.60 x 9.60 x 1.60 cm / 3.78 x 3.78 x 0.63 inches 	dc power port,hdmi,micro sd card slot,rj45,spdif,usb2.0 	2	bluetooth4.0 			64bit 		android 6.0 	802.11 a/b/g/n/ac 
http://www.gearbest.com/tv-box-mini-pc/pp_627113.html	a95x r2 tv box	$35.99	tv box 	1g 	mali-450mp2 	a95x 	a95x r2 	rk3328 	cortex a53 	1.5ghz,quad core 		ddr3 	8g 	0.1200 kg 	9.50 x 9.50 x 1.50 cm / 3.74 x 3.74 x 0.59 inches 	usb2.0,usb3.0 	2	unsupport 	10 / 100m 	rtl8189 	64bit 		android 7.1 	
http://www.gearbest.com/tv-box-mini-pc/pp_608472.html	dolamee d6 tv turner box	$51.83	tv box 	2g ram 	mali-450 	dolamee 	d6 	s905x 	cortex a53 	2.0ghz,quad core 		ddr3 	8g rom 	0.1300 kg 	10.30 x 10.30 x 2.00 cm / 4.06 x 4.06 x 0.79 inches 	av,dc 5v,hdmi,lan,spdif,tf card,usb2.0 	2				64bit 		android 6.0 	
http://www.gearbest.com/tv-box-mini-pc/pp_493134.html	k8 mini pc usb 3.0 foldable keyboard	$185.4	mini pc 	4g 	intel hd graphic 5500 		k8 		intel z8300 	2.0ghz,quad core 	black 	ddr3 	64g 	0.5000 kg 	38.50 x 12.00 x 1.50 cm / 15.16 x 4.72 x 0.59 inches 	3.5mm audio,dc power port,hdmi,reset port,tf card,usb2.0,usb3.0,vga 	1.4	bluetooth4.0 	no 	mo 	64bit 	128gb 		
http://www.gearbest.com/tv-box-mini-pc/pp_612095.html	mecool km8 p android tv smart tv box	$60.06	tv box 	2g 	arm mali-t820mp3 	mecool 	km8 p 	amlogic s912 	cortex a53 	octa core 		ddr3 	8g 	0.0900 kg 	9.70 x 9.70 x 1.70 cm / 3.82 x 3.82 x 0.67 inches 	av,dc power port,hdmi,rj45,tf card,usb2.0 	2		100m 		64bit 	128gb 	android 7.1 	802.11b/g/n 
http://www.gearbest.com/tv-box-mini-pc/pp_490852.html	km8 pro android 6.0 tv internet box	$62.76	tv box 	2g 	arm mali-t820mp3 		km8 pro 		amlogic s912 	2.0ghz,octa core 	black 	ddr3 	8g 	0.108 kg 	9.80 x 9.80 x 2.10 cm / 3.86 x 3.86 x 0.83 inches 	av,dc 5v,ethernet,hdmi,tf card,usb2.0 	1	bluetooth4.0 			32bit 	500gb 	android 6.0 	802.11 a/b/g/n/ac 
http://www.gearbest.com/tv-box-mini-pc/pp_621881.html	scishion v99 - hero tv box	$66.99	tv box 	4g 	powervr g6110 	scishion 	v99 - hero 	arm cortex a53 	rk3368 	1.5ghz,octa core 		ddr3 	32g 	0.1350 kg 	13.90 x 11.00 x 3.00 cm / 5.47 x 4.33 x 1.18 inches 	dc power port,hdmi,rj45,spdif,tf card,usb2.0 	2	bluetooth4.0 	100m 	ap6255 	64bit 	32gb 	android 5.1 	
http://www.gearbest.com/tv-box-mini-pc/pp_596705.html	yokatv kb2 pro wireless android tv box 3gb	$81.99	tv box 	3gb 	arm mali-t820mp3 		kb2 pro 	amlogic s912 	cortex a53 	octa core 		ddr4 	32g 	0.2060 kg 	13.00 x 10.90 x 2.40 cm / 5.12 x 4.29 x 0.94 inches 	3.5mm audio,hdmi,rj45,spdif,tf card,usb2.0 		bluetooth4.0 	10m/100m/1000m 		64bit 		android 6.0 	802.11 b/g/n/ac 
http://www.gearbest.com/tv-box-mini-pc/pp_436934.html	mecool bb2 tv box amlogic s912 octa core	$74.95	tv box 	2g 	arm mali-t820mp3 	mecool 	bb2 	amlogic s912 	amlogic s912 	2.0ghz 	gun color 	lpddr3 	16g 	0.2300 kg 	10.90 x 10.90 x 2.10 cm / 4.29 x 4.29 x 0.83 inches 	av,cvbs/l/r,dc power port,hdmi,optical,rj45,spdif,tf card,usb2.0 	2	bluetooth4.0 			64bit 	32gb 	android 6.0 	802.11 a/b/g/n/ac 
http://www.gearbest.com/tv-box-mini-pc/pp_616702.html	alfawise a95x r1 tv box	$22.99	tv box 	1g ram 	mali-400 mp 	alfawise 	a95x r1 		rk3229 	1.5ghz,quad core 		ddr3 	8g rom 	0.1200 kg 	9.30 x 9.30 x 1.50 cm / 3.66 x 3.66 x 0.59 inches 	av,dc 5v,hdmi,lan,spdif,tf card,usb2.0 	2	unsupport 		rtl8189 	32bit 	32gb 	android 6.0 	
http://www.gearbest.com/tv-box-mini-pc/pp_275102.html	minix neo u1 android quad core tv box	$125.84	tv box 	2g 	mali-450 	minix 	neo u1 		amlogic s905 	quad core 	black 	ddr3 	16g 	0.278 kg 	12.70 x 12.70 x 2.20 cm / 5 x 5 x 0.87 inches 	3.5mm audio,dc power port,hdmi,lan,otg,spdif,tf card,usb2.0 	2	bluetooth 4.1 + edr 			64bit 	500gb 	android 5.1.1 	802.11 ac 
http://www.gearbest.com/tv-box-mini-pc/pp_597283.html	mecool km8 p android mini tv box	$35.99	tv box 	1g 	arm mali-t820mp3 	mecool 	km8 p 	amlogic s912 	cortex a53 	octa core 		ddr3 	8g 	0.0900 kg 	9.70 x 9.70 x 1.70 cm / 3.82 x 3.82 x 0.67 inches 	av,dc power port,hdmi,rj45,tf card,usb2.0 	2		100m 		64bit 	128gb 	android 7.1 	802.11b/g/n 
http://www.gearbest.com/tv-box-mini-pc/pp_657437.html	ma8 - 4k rk3229 smart tv box	$27.99		1g ram 	mali-400 mp 		ma8 - 4k 	rk3229 	arm cortex-a7 	2.0ghz,quad core 		ddr3 	8g rom 	0.1070 kg 	11.20 x 11.20 x 2.30 cm / 4.41 x 4.41 x 0.91 inches 	dc power port,hdmi,rj45,spdif,tf card,usb2.0 	2		100m 	ap6051 	32bit 	32gb 	android 5.1 	
http://www.gearbest.com/tv-box-mini-pc/pp_623820.html	a95x a2 amlogic s912 tv box	$84.72	tv box 	3gb 	mali-820mp3 	a95x 	a95x a2 	amlogic s912 	cortex a53 	2.0ghz,octa core 		ddr3 	32g 	0.2680 kg 	15.00 x 9.60 x 2.30 cm / 5.91 x 3.78 x 0.91 inches 	av,dc power port,hdmi,rj45,usb2.0 	2	bluetooth4.0 	1000m 	9377	64bit 	128gb 	android 6.0 	802.11 a/b/g/n/ac 
http://www.gearbest.com/tv-box-mini-pc/pp_401684.html	scishion v88 tv box rockchip 3229 quad core	$23.99	tv box 	1g 	mali-400 		v88 		rk3229 	1.5ghz,quad core 	black 	ddr3 	8g 	0.1430 kg 	11.60 x 11.60 x 2.50 cm / 4.57 x 4.57 x 0.98 inches 	av,dc power port,hdmi,rj45,sd card slot,spdif,usb2.0 	2	unsupport 	no 	unknown 	32bit 	16gb	android 5.1 	
http://www.gearbest.com/tv-box-mini-pc/pp_628424.html	mx9 pro tv box	$49.49	tv box 	2g 	mali-450 			rk3328 	cortex a53 	quad core 		ddr3 	16g 	0.2000 kg 	14.00 x 9.00 x 2.00 cm / 5.51 x 3.54 x 0.79 inches 	av,dc power port,hdmi,rj45,usb2.0,usb3.0 	2	bluetooth4.0 	100m 	8723	64bit 	64gb 	android 7.1 	
http://www.gearbest.com/tv-box-mini-pc/pp_614300.html	minix z83 - 4 windows 10 tv box + minix k2 mini keyboard	$220.15	tv box 	4g 	intel hd graphic 	minix 	z83 - 4 		intel atom x5-z8350 	quad core 		ddr3l 	32g 	0.9520 kg 	26.00 x 13.00 x 5.00 cm / 10.24 x 5.12 x 1.97 inches 	3.5mm audio,dc power port,ethernet,hdmi,tf card,usb2.0,usb3.0 	1.4				64bit 	16gb	windows 10 	
http://www.gearbest.com/tv-box-mini-pc/pp_590407.html	chuwi hibox mini pc android 5.1 + window 10 dual os 64bit	$119.99	mini pc 	4g ram 	intel hd graphic 	chuwi 	hibox 	intel atom x5-z8350 		quad core 	black 	ddr3 	64g rom 	0.2000 kg 	12.00 x 12.00 x 2.50 cm / 4.72 x 4.72 x 0.98 inches 	3.5mm audio,dc power port,ethernet,hdmi,sd card slot,usb2.0,usb3.0 	1.4	bluetooth4.0 	1000m / 100m 	no 	64bit 	128g 	android 5.1,windows 10 	802.11 a/b/g/n/ac 
http://www.gearbest.com/tv-box-mini-pc/pp_645362.html	tx2 - r2 tv box rk3229	$29.69	tv box 	2g 	mali400mp2 		tx2 - r2 	rk3229 	arm cortex-a7,rk3229 	1.5ghz 		ddr3 	16g 	0.1230 kg 	10.50 x 10.50 x 1.00 cm / 4.13 x 4.13 x 0.39 inches 	av,dc 5v,hdmi,lan,spdif,tf card,usb2.0 	2	bluetooth2.0 			32bit 	128g 	android 6.0 	802.11b/g/n 
http://www.gearbest.com/tv-box-mini-pc/pp_274251.html	minix neo u1 smart tv android box	$137.58	tv box 	2g 	mali-450 	minix 	neo u1 		amlogic s905 	quad core 	black 	ddr3 	16g 	0.278 kg 	12.70 x 12.70 x 2.20 cm / 5 x 5 x 0.87 inches 	3.5mm audio,dc power port,hdmi,lan,otg,spdif,tf card,usb2.0 	2	bluetooth 4.1 + edr 			64bit 	500gb 	android 5.1.1 	802.11 ac 
http://www.gearbest.com/tv-box-mini-pc/pp_614298.html	minix z83 - 4 windows 10 tv box + minix k2 mini keyboard	$220.15	tv box 	4g 	intel hd graphic 	minix 	z83 - 4 		intel atom x5-z8350 	quad core 		ddr3l 	32g 	0.9520 kg 	26.00 x 13.00 x 5.00 cm / 10.24 x 5.12 x 1.97 inches 	3.5mm audio,dc power port,ethernet,hdmi,tf card,usb2.0,usb3.0 	1.4				64bit 	16gb	windows 10 	
http://www.gearbest.com/tv-box-mini-pc/pp_484217.html	scishion v88 plus box smart tv android system	$28.99	tv box 	2g 	mali-400 	scishion 	v88 plus 		rk3229 	1.5ghz,quad core 	black 	ddr3 	8g 	0.1430 kg 	11.60 x 11.60 x 2.50 cm / 4.57 x 4.57 x 0.98 inches 	av,dc power port,hdmi,rj45,sd card slot,spdif,usb2.0 	2			6051p 	32bit 	500gb 	android 5.1,android 6.0 	802.11b/g/n 
http://www.gearbest.com/tv-box-mini-pc/pp_627119.html	a95x a1 tv box	$27.99	tv box 	1g 	mali-450 mp 	a95x 	a95x a1 	s905x 	cortex a53 	2.0ghz,quad core 		ddr3 	8g 	0.1200 kg 	9.30 x 9.30 x 1.50 cm / 3.66 x 3.66 x 0.59 inches 	spdif,tf card,usb2.0 	2		100m 		64bit 		android 6.0 	802.11b/g/n 
http://www.gearbest.com/tv-box-mini-pc/pp_367841.html	r - box 4k hd android tv smart box 32bit	$44.23	tv box 	2g ram 	mali-400 		r - box 		rk3229 	cortex a7,quad core 	black,silver 	lpddr3 	8g rom 	0.1300 kg 	11.60 x 11.60 x 2.10 cm / 4.57 x 4.57 x 0.83 inches 	dc power port,hdmi,optical,rj45,tf card,usb2.0 		bluetooth4.0 			32bit 	32gb 	android 5.1.1 	802.11b/g/n 
http://www.gearbest.com/tv-box-mini-pc/pp_614945.html	minix z83 - 4 windows 10 tv box + minix k1 mini keyboard	$211.21	tv box 	4g 	intel hd graphic 	minix 	z83 - 4 		intel atom x5-z8350 	quad core 	black 	ddr3l 	32g 	0.8470 kg 	12.70 x 12.70 x 2.40 cm / 5 x 5 x 0.94 inches 	3.5mm audio,dc power port,ethernet,hdmi,mini dp,tf card,usb2.0,usb3.0 	1.4				64bit 		windows 10 	802.11 ac 
http://www.gearbest.com/tv-box-mini-pc/pp_276274.html	mxv+ s905 box tv android 5.1	$47.04	tv box 	1g ram 			mxv+ s905 		amlogic s905 	quad core 	black 	ddr3 	8g rom 	0.2540 kg 	12.00 x 12.00 x 3.60 cm / 4.72 x 4.72 x 1.42 inches 	dc 5v,hdmi,lan,spdif,tf card,usb2.0 					64bit 		android 5.1 	
http://www.gearbest.com/tv-box-mini-pc/pp_493136.html	k8 mini pc usb 3.0 foldable keyboard	$156.61	gaming,mini pc 	4g 	intel hd graphic 5500 		k8 		intel z8300 	2.0ghz,quad core 	black 	ddr3 	64g 	0.5000 kg 	38.50 x 12.00 x 1.50 cm / 15.16 x 4.72 x 0.59 inches 	3.5mm audio,dc power port,hdmi,reset port,tf card,usb2.0,usb3.0,vga 	1.4	bluetooth4.0 	no 	mo 	64bit 	128gb 		
http://www.gearbest.com/tv-box-mini-pc/pp_612218.html	minix neo u9 - h tv box + minix a3 air mouse	$152.99	tv box 	2g ram 	arm mali-t820mp3 	minix 	neo u9 - h 	amlogic s912-h 	cortex a53 	octa core 		ddr3 	16g rom 	0.2780 kg 	12.70 x 12.70 x 2.20 cm / 5 x 5 x 0.87 inches 	3.5mm audio,av,dc 5v,dc power port,hdmi,otg,rj45,spdif,tf card,usb2.0 	2	bluetooth 4.1 + edr 			64bit 	64gb 	android 6.0.1 	
http://www.gearbest.com/tv-box-mini-pc/pp_273234.html	minix neo u1 tv box android 5.1.1	$104.99	tv box 	2g 	mali-450 	minix 	neo u1 		amlogic s905 	quad core 	black 	ddr3 	16g 	0.2780 kg 	12.70 x 12.70 x 2.20 cm / 5 x 5 x 0.87 inches 	3.5mm audio,dc power port,hdmi,lan,otg,spdif,tf card,usb2.0 	2	bluetooth 4.1 + edr 			64bit 	128gb 	android 5.1.1 	802.11 ac 
http://www.gearbest.com/tv-box-mini-pc/pp_366029.html	sunvell t95m 4k hd smart android box tv 64bit	$39.99	tv box 	2g ram 	mali-450 	sunvell 	t95m 		amlogic s905x 	2.0ghz,quad core 	black 	ddr3 	8g rom 	0.1340 kg 	11.30 x 11.30 x 2.40 cm / 4.45 x 4.45 x 0.94 inches 	hdmi,micro sd card slot,rj45,usb2.0 	2	support 			64bit 	500gb 	android 6.0 	ieee 802.11 b/g/n 
http://www.gearbest.com/tv-box-mini-pc/pp_608002.html	voyo vmac mini pc apollo laken4200 cpu windows 10.1	$284.84	mini pc 	8g ram 	arm mali-t820mp3 	voyo 	vmac 	apollo lake n4200 	apollo laken4200 	quad core 		ddr3l 	32g rom 	0.4000 kg 	12.00 x 12.00 x 2.80 cm / 4.72 x 4.72 x 1.1 inches 	3.5mm audio,dc power port,mini hdmi female,rj45,tf card,usb3.0 	2	unsupport 	1	no 	64bit 		windows 10.1 	
http://www.gearbest.com/tv-box-mini-pc/pp_273238.html	minix neo u1 box android tv	$104.99	tv box 	2g 	mali-450 	minix 	neo u1 		amlogic s905 	quad core 	black 	ddr3 	16g 	0.278 kg 	12.70 x 12.70 x 2.20 cm / 5 x 5 x 0.87 inches 	3.5mm audio,dc power port,hdmi,lan,otg,spdif,tf card,usb2.0 	2	bluetooth 4.1 + edr 			64bit 	128gb 	android 5.1.1 	802.11 ac 
http://www.gearbest.com/tv-box-mini-pc/pp_592794.html	tx8 mini smart mini android box 2gb ddr3 + 16gb	$73.92	tv box 	2g ram 	mali-t820mp3 		tx8 mini 	amlogic s912 	cortex a53 	octa core 		ddr3 	16g rom 	0.1710 kg 	10.30 x 10.30 x 2.30 cm / 4.06 x 4.06 x 0.91 inches 	dc 5v,hdmi,rj45,spdif,tf card,usb2.0 		bluetooth4.0 	10/100m/1000m 	qualcomm 9377 	64bit 	32gb 	android 6.0 	
http://www.gearbest.com/tv-box-mini-pc/pp_633835.html	mecool m8s pro tv box	$69.99	tv box 	2g ram,3g ram 	arm mali-t820mp3 	mecool 	m8s pro 	amlogic s912 	arm cortex-a53 	1.5ghz,octa core 		ddr4 	16g rom,32g rom 	0.1100 kg 	10.20 x 10.20 x 2.10 cm / 4.02 x 4.02 x 0.83 inches 	av,dc 5v,hdmi,lan,tf card,usb2.0 	2	bluetooth 4.1 		qca9377 	64bit 	32gb 		
http://www.gearbest.com/tv-box-mini-pc/pp_414774.html	sunvell t95 max tv android box quad core amlogic s905	$65.96		2g ram 	mali-450 	sunvell 	t95 max 	amlogic s905 	amlogic s905 	2.0ghz,quad core 	black 	ddr3 	32g rom 	0.4000 kg 	16.00 x 11.00 x 2.50 cm / 6.3 x 4.33 x 0.98 inches 	av,dc power port,hdmi,micro sd card slot,rj45,spdif,usb2.0 		bluetooth4.0 			64bit 		android 5.1 	
http://www.gearbest.com/tv-box-mini-pc/pp_630434.html	sunvell t95d tv box	$23.99	tv box 	1g ram 	mali-400 	sunvell 	t95d 		rk3229 	quad core 	black 	ddr3 	8g rom 	0.1500 kg 	10.20 x 10.20 x 2.30 cm / 4.02 x 4.02 x 0.91 inches 	tf card,usb2.0 			100m 		64bit 	32gb 	android 6.0 	
http://www.gearbest.com/tv-box-mini-pc/pp_650617.html	mxq pro smart tv box	$36.35	tv box 	1g ram 	mali-450 	mxq 	pro 	s905x 	arm cortex-a53 	2.0ghz,quad core 		ddr3 	8g rom 	0.2000 kg 	11.30 x 11.30 x 2.40 cm / 4.45 x 4.45 x 0.94 inches 		1.4	unsupport 	100m 	rt8189 	64bit 	32gb 	android 6.0 	
http://www.gearbest.com/tv-box-mini-pc/pp_569430.html	rupa a5x media box tv android 6.0	$54.5	mini pc 	2g ram 	mali-450 mp 	rupa 	a5x 		amlogic s905x 	quad core 	black 	ddr3 	16g rom 	0.1800 kg 	11.20 x 11.20 x 2.20 cm / 4.41 x 4.41 x 0.87 inches 	av,dc power port,hdmi,optical,rj45,tf card,usb2.0 	2	bluetooth4.0 	100m 	8723bs 	64bit 	64gb 		
http://www.gearbest.com/tv-box-mini-pc/pp_449446.html	sunvell t95rpro mini android box amlogic s912 octa core	$71.02	tv box 	2g 	arm mali-t820mp3 	sunvell 	t95rpro 		amlogic s912 	2.0ghz,octa core 	black 	ddr3 	16g 	0.400 kg 	13.00 x 13.00 x 3.00 cm / 5.12 x 5.12 x 1.18 inches 	av,dc power port,hdmi,optical,rj45,sd card slot,usb2.0 	2	bluetooth4.0 			64bit 		android 6.0 	
http://www.gearbest.com/tv-box-mini-pc/pp_424948.html	r9 plus tv android box rockchip 3229 quad core	$37.43	tv box 	1g 	mali-400 		r9 plus 		rk3229 	quad core 	black 	ddr3 	8g 	0.2300 kg 	11.60 x 11.60 x 2.10 cm / 4.57 x 4.57 x 0.83 inches 	av,dc 5v,hdmi,rj45,sd card slot,spdif,usb2.0 	2				64bit 	32gb 	android 5.1 	802.11b/g/n 
http://www.gearbest.com/tv-box-mini-pc/pp_503487.html	alfawise h96 pro+ tv box	$67.99	tv box 	3gb 	arm mali-t820mp3 		h96 pro+ 		amlogic s912 	2.0ghz,octa core 	black 	ddr3 	32g 	0.2500 kg 	10.70 x 10.70 x 2.00 cm / 4.21 x 4.21 x 0.79 inches 	av,dc power port,ethernet,hdmi,spdif,tf card,usb2.0 	2	support 			64bit 	2tb 	android 7.1 	802.11 a/b/g/n/ac 
http://www.gearbest.com/tv-box-mini-pc/pp_493138.html	bm8 pro android 6.0 box tv	$78.77	tv box 	2g 	arm mali-t820mp3 		bm8 pro 		amlogic s912 	2.0ghz,octa core 	black 	ddr3 	32g 	0.108 kg 	9.80 x 9.80 x 2.60 cm / 3.86 x 3.86 x 1.02 inches 	av,dc 5v,ethernet,hdtv in,tf card,usb2.0 	2	bluetooth4.0 			64bit 	512gb 	android 6.0 	
http://www.gearbest.com/tv-box-mini-pc/pp_650616.html	mxq pro smart tv box	$36.35	tv box 	1g ram 	mali-450 	mxq 	pro 	s905x 	arm cortex-a53 	2.0ghz,quad core 		ddr3 	8g rom 	0.2000 kg 	11.30 x 11.30 x 2.40 cm / 4.45 x 4.45 x 0.94 inches 		1.4	unsupport 	100m 	rt8189 	64bit 	32gb 	android 6.0 	
http://www.gearbest.com/tv-box-mini-pc/pp_639835.html	voyo v1 vmac mini pc	$156.76	mini pc 	4g ram 	intel hd graphic 	voyo 	v1 vmac 	apollo lake n3450 	apollo lake n3450 	quad core 		ddr3l 	32g rom 	0.4000 kg 	12.00 x 12.00 x 2.80 cm / 4.72 x 4.72 x 1.1 inches 	3.5mm audio,dc power port,mini hdmi female,rj45,tf card,usb3.0 	1.4	unsupport 	1000m 	out-cell 	64bit 		windows 10 	
http://www.gearbest.com/tv-box-mini-pc/pp_463456.html	mecool kii pro tv box quad core amlogic s905 android 5.1.1	$68.99	tv box 	2g ram 	mali-450 	mecool 	kii pro 	amlogic s905 	amlogic s905 	2.0ghz,quad core 	black 	ddr3 	16g rom 	0.1920 kg 	13.20 x 12.20 x 3.30 cm / 5.2 x 4.8 x 1.3 inches 	av,cvbs/l/r,dc power port,dvb-s2,dvb-t2,micro sd card slot,rj45,spdif,usb2.0 	2	bluetooth4.0 			64bit 		android 5.1.1 	802.11 b/g/n/ac 
http://www.gearbest.com/tv-box-mini-pc/pp_614304.html	minix neo u1 live tv box + minix neo a3 air mouse	$144.56	tv box 	2g 	mali-450 	minix 	neo u1 		cortex a53 	quad core 	black 	ddr3 	16g 	0.7600 kg 	12.70 x 12.70 x 2.20 cm / 5 x 5 x 0.87 inches 	kensington lock,otg,tf card,usb2.0 					64bit 	64gb 	android 5.1.1 	
http://www.gearbest.com/tv-box-mini-pc/pp_572109.html	voyo v1 mini pc intel celeron n3450	$229.42	mini pc 	4g 	intel hd graphic 	voyo 	v1 		intel celeron n3450 	quad core 	blue,golden,rose gold 	ddr3l 	32g emmc + 128g ssd 	0.4000 kg 	12.00 x 12.00 x 2.80 cm / 4.72 x 4.72 x 1.1 inches 	3.5mm audio,dc power port,mini hdmi female,rj45,tf card,usb3.0 	1.4	unsupport 	1000m 	out-cell 	64bit 	2tb 	windows 10.1 	
http://www.gearbest.com/tv-box-mini-pc/pp_390235.html	mini m8s ii 4k smart tv box android amlogic s905x quad core processor	$34.99	tv box 	2g ram 	mali-450 		mini m8s ii 	s905x 	amlogic s905x 	2.0ghz,quad core 	black 	ddr3 	8g rom 	0.1520 kg 	11.00 x 11.00 x 1.70 cm / 4.33 x 4.33 x 0.67 inches 	dc power port,hdmi,micro sd card slot,rj45,spdif,usb2.0 	2	bluetooth4.0 			64bit 	32gb 	android 6.0 	802.11b/g/n 
http://www.gearbest.com/tv-box-mini-pc/pp_612221.html	minix neo u9 - h octa core tv box + minix a2 lite air mouse	$162.41	tv box 	2g 	arm mali-t820mp3 	minix 	neo u9 - h 	s905x 	cortex a53 	octa core 		ddr3 	16g 	0.2780 kg 	12.70 x 12.70 x 2.20 cm / 5 x 5 x 0.87 inches 	3.5mm audio,ant-in,dc 5v,dc power port,hdmi,otg,rj45,spdif,tf card,usb2.0 	2	bluetooth 4.1 + edr 	1000m 		64bit 	64gb 	android 6.0.1 	
http://www.gearbest.com/tv-box-mini-pc/pp_401685.html	scishion v88 tv box player rockchip 3229 quad core	$23.99	tv box 	1g ram 	mali-400 		v88 		rk3229 	1.5ghz,quad core 	black 	ddr3 	8g rom 	0.1430 kg 	11.60 x 11.60 x 2.50 cm / 4.57 x 4.57 x 0.98 inches 	av,dc power port,hdmi,rj45,sd card slot,spdif,usb2.0 	2	unsupport 	no 	unknown 	32bit 	16gb	android 5.1 	
http://www.gearbest.com/tv-box-mini-pc/pp_595438.html	m9s mix smart tv android box	$72.79	tv box 	2g 	arm mali-t820mp3 		mix 		amlogic s912 	octa core 	black 	ddr3 	16g 	0.3500 kg 	10.00 x 10.00 x 3.50 cm / 3.94 x 3.94 x 1.38 inches 	av,dc power port,hdmi,rj45,usb2.0 	1.4	bluetooth4.0 	max. 100m 		64bit 	32gb 	android 6.0 	
http://www.gearbest.com/tv-box-mini-pc/pp_275098.html	minix neo u1 smart tv android box	$146.95	tv box 	2g 	mali-450 	minix 	neo u1 		amlogic s905 	quad core 	black 	ddr3 	16g 	0.278 kg 	12.70 x 12.70 x 2.20 cm / 5 x 5 x 0.87 inches 	3.5mm audio,dc power port,hdmi,lan,otg,spdif,tf card,usb2.0 	2	bluetooth 4.1 + edr 			64bit 	500gb 	android 5.1.1 	802.11 ac 
http://www.gearbest.com/tv-box-mini-pc/pp_654925.html	lake i home cloud tv box	$83.99	tv box 	2g ram 	arm mali-t820mp3 			realtek rtd1295 	arm cortex-a53 	quad core 		ddr4 	16g rom 	0.2100 kg 	13.20 x 12.40 x 2.70 cm / 5.2 x 4.88 x 1.06 inches 							128gb 	android 6.0 	
http://www.gearbest.com/tv-box-mini-pc/pp_636793.html	tx2 - r2 tv box rk3229	$29.69	tv box 	2g 	mali400mp2 		tx2 - r2 	rk3229 	arm cortex-a7,rk3229 	1.5ghz 		ddr3 	16g 	0.1230 kg 	10.50 x 10.50 x 1.00 cm / 4.13 x 4.13 x 0.39 inches 	av,dc 5v,hdmi,lan,spdif,tf card,usb2.0 	2	bluetooth2.0 			32bit 	128gb 	android 6.0 	802.11b/g/n 
http://www.gearbest.com/tv-box-mini-pc/pp_612219.html	minix neo u9 - h tv box + minix a3 air mouse	$152.99	tv box 	2g ram 	arm mali-t820mp3 	minix 	neo u9 - h 	amlogic s912-h 	cortex a53 	octa core 		ddr3 	16g rom 	0.2780 kg 	12.70 x 12.70 x 2.20 cm / 5 x 5 x 0.87 inches 	3.5mm audio,av,dc 5v,dc power port,hdmi,otg,rj45,spdif,tf card,usb2.0 	2	bluetooth 4.1 + edr 			64bit 	64gb 	android 6.0.1 	
http://www.gearbest.com/tv-box-mini-pc/pp_591548.html	mecool bb2 pro android 6.0 tv box 3gb ddr4 + 16gb	$73.99	tv box 	3gb 	arm mali-t820mp3 	mecool 	bb2 pro 	amlogic s912 	amlogic s912 	octa core 		ddr4 	16g 	0.2060 kg 	10.90 x 10.90 x 2.10 cm / 4.29 x 4.29 x 0.83 inches 	av,dc 5v,hdmi,rj45,spdif,tf card,usb2.0 	2	bluetooth4.0 	10/100m/1000m rgmii 		64bit 	32gb 	android 6.0 	802.11 b/g/n/ac 
http://www.gearbest.com/tv-box-mini-pc/pp_600192.html	caidao t1 tv streaming box	$42.99	tv box 	2g 	mali-450 		t1 		amlogic s905x 	quad core 		ddr3 	8g 	0.250 kg 	10.90 x 10.90 x 2.00 cm / 4.29 x 4.29 x 0.79 inches 	3.5mm audio,dc power port,hdmi,micro sd card slot,rj45,usb2.0 	2	unsupport 	100m 		64bit 	32gb 		802.11b/g/n 
http://www.gearbest.com/tv-box-mini-pc/pp_629409.html	mecool ki pro tv box	$83.99	tv box 	2g ram 	mali-450 	mecool 	ki pro 	amlogic s905d 	cortex a53 	1.5ghz,quad core 		ddr4 	16g rom 	0.1630 kg 	13.00 x 12.00 x 3.20 cm / 5.12 x 4.72 x 1.26 inches 	dc 5v,dc power port,hdtv in,lan,optical,tf card,usb2.0 		bluetooth 4.1 	1000m 		64bit 	32gb 	android 6.0 	
http://www.gearbest.com/tv-box-mini-pc/pp_609317.html	higole gole1 plus mini pc	$179.99	mini pc 	4g ram 	intel gen 8-lp 	higole 	gole1 plus 	intel atom x5-z8350 	intel atom x5-z8350 	quad core 		lpddr3 	128g rom,64g rom 	0.6600 kg 	19.90 x 13.60 x 2.70 cm / 7.83 x 5.35 x 1.06 inches 	3.5mm audio,dc power port,hdmi,lan,micro sd card slot,usb2.0,usb3.0 	1.4	bluetooth4.0 	100m 	no 	64bit 	128gb 	windows 10 	
http://www.gearbest.com/tv-box-mini-pc/pp_619404.html	mecool m8s pro tv box	$59.99	tv box 	2g ram,3g ram 	arm mali-t820mp3 	mecool 	m8s pro 	amlogic s912 	arm cortex-a53 	2.0ghz,octa core 		ddr4 	16g rom,32g rom 	0.1100 kg 	10.20 x 10.20 x 2.10 cm / 4.02 x 4.02 x 0.83 inches 	av,dc 5v,hdmi,lan,tf card,usb2.0 	2	bluetooth 4.1 		qca9377 	64bit 	32gb 		
http://www.gearbest.com/tv-box-mini-pc/pp_623819.html	a95x a2 amlogic s912 tv box	$84.72	tv box 	3gb 	mali-820mp3 	a95x 	a95x a2 	amlogic s912 	cortex a53 	2.0ghz,octa core 		ddr3 	32g 	0.2680 kg 	15.00 x 9.60 x 2.30 cm / 5.91 x 3.78 x 0.91 inches 	av,dc power port,hdmi,rj45,usb2.0 	2	bluetooth4.0 	1000m 	9377	64bit 	128gb 	android 6.0 	802.11 a/b/g/n/ac 
http://www.gearbest.com/tv-box-mini-pc/pp_580663.html	khadas vim an open source tv box ap6255 802.11b / n / g / ac wifi	$54.99	tv box 	2g ram 	mali-450 	khadas 	vim 		amlogic s905x 	quad core 	transparent 	ddr3 	16g rom 	0.0700 kg 	9.20 x 6.60 x 2.20 cm / 3.62 x 2.6 x 0.87 inches 	hdmi,lan,tf card,type-c,usb2.0 	2	support 	100mbps 	ap6255 	64bit 	64gb 	android 6.0,buildroot,openelec,ubuntu 	802.11 b/g/n/ac 
http://www.gearbest.com/tv-box-mini-pc/pp_372951.html	gole gole1 5 inch 720 x 1280 mini pc windows 10 / android 5.1	$109.13	mini pc 	4g ram 	gen 8 graphics 		gole1 		intel cherry trail z8300 	1.84ghz,quad core 	golden 	lpddr3 	32g rom 	0.2000 kg 	13.50 x 9.00 x 2.00 cm / 5.31 x 3.54 x 0.79 inches 	3.5mm audio,dc power port,ethernet,hdmi,micro usb,tf card,usb2.0,usb3.0 	2	bluetooth4.0 			64bit 		android 5.1,windows 10 	802.11 b/g/n/ac 
http://www.gearbest.com/tv-box-mini-pc/pp_390233.html	mini m8s ii 4k smart tv box android amlogic s905x quad core processor	$34.99	tv box 	2g 	mali-450 		mini m8s ii 	s905x 	amlogic s905x 	2.0ghz,quad core 	black 	ddr3 	8g 	0.1520 kg 	11.00 x 11.00 x 1.70 cm / 4.33 x 4.33 x 0.67 inches 	dc power port,hdmi,micro sd card slot,rj45,spdif,usb2.0 	2	bluetooth4.0 			64bit 	32gb 	android 6.0 	802.11b/g/n 
http://www.gearbest.com/tv-box-mini-pc/pp_608686.html	higole gole1 plus mini pc	$169.99	mini pc 	4g ram 	intel gen 8-lp 	higole 	gole1 plus 	intel atom x5-z8350 	intel atom x5-z8350 	quad core 		lpddr3 	128g rom,64g rom 	0.6600 kg 	19.90 x 13.60 x 2.70 cm / 7.83 x 5.35 x 1.06 inches 	3.5mm audio,dc power port,hdmi,lan,micro sd card slot,usb2.0,usb3.0 	1.4	bluetooth4.0 	100m 	no 	64bit 	128gb 	windows 10 	
http://www.gearbest.com/tv-box-mini-pc/pp_609346.html	yundoo y8 tv box	$117.99	tv box 	4g ram 	arm mali-t860mp4 	yundoo 	y8 	rk3399 	arm cortex-a53,arm cortex-a72 	2.0ghz 		ddr3 	32g rom 	0.2900 kg 	11.60 x 11.60 x 2.35 cm / 4.57 x 4.57 x 0.93 inches 	dc 5v,hdmi,lan,optical,reset port,sd card slot,usb 3.1 type-c,usb2.0,usb3.0 		bluetooth 4.1 + edr 			64bit 		android 6.0 	
http://www.gearbest.com/tv-box-mini-pc/pp_608449.html	mecool kiii pro internet tv box	$115.99	tv box 	3gb 	arm mali-t820mp3 	mecool 	kiii pro 	amlogic s912 	amlogic s912 	octa core 	black 	ddr3 	16g 	0.2600 kg 	13.00 x 12.00 x 3.20 cm / 5.12 x 4.72 x 1.26 inches 	av,dvb-s2,dvb-t2,hdmi,rj45,spdif,tf card,usb2.0 	2	bluetooth4.0 	1000m 	bcm4335 	64bit 	128gb 	android 6.0 	
http://www.gearbest.com/tv-box-mini-pc/pp_590117.html	scishion v99 star tv streaming box android	$48.99	tv box 	2g ram 	powervr sgx6110 	scishion 	v99 		cortex a53 	1.5ghz,octa core 	black 	ddr3 	16g rom 	0.1350 kg 	13.90 x 11.00 x 3.00 cm / 5.47 x 4.33 x 1.18 inches 	dc 5v,hdmi,rj45,spdif,tf card,usb2.0 	2	bluetooth4.0 	1000m 	ap6255 	64bit 	128gb 	android 5.1 	802.11 a/b/g/n/ac 
http://www.gearbest.com/tv-box-mini-pc/pp_333724.html	xiaomi mi tv box 3 enhanced	$93.13	tv box 	2g ram 		xiaomi 	3 enhanced 		arm cortex-a53,arm cortex-a72 	2.0ghz 	white 	lpddr3 	8g rom 	0.1900 kg 	10.00 x 10.00 x 2.50 cm / 3.94 x 3.94 x 0.98 inches 	hdmi,usb2.0 		bluetooth 4.1 + edr 			64bit 	500gb 	android 5.1 	
http://www.gearbest.com/tv-box-mini-pc/pp_436933.html	mecool bb2 tv box amlogic s912 octa core	$74.95	tv box 	2g 	arm mali-t820mp3 	mecool 	bb2 	amlogic s912 	amlogic s912 	2.0ghz 	gun color 	lpddr3 	16g 	0.2300 kg 	10.90 x 10.90 x 2.10 cm / 4.29 x 4.29 x 0.83 inches 	av,cvbs/l/r,dc power port,hdmi,optical,rj45,spdif,tf card,usb2.0 	2	bluetooth4.0 			64bit 	32gb 	android 6.0 	802.11 a/b/g/n/ac 
http://www.gearbest.com/tv-box-mini-pc/pp_436944.html	yundoo y6 android box tv amlogic s905x quad core	$75.99	tv box 	2g 	mali-450 mp 	yundoo 			amlogic s905x 	2.0ghz 	black 		32g rom 	0.118 kg 	9.40 x 9.20 x 1.70 cm / 3.7 x 3.62 x 0.67 inches 	av,dc power port,hdmi,rj45,spdif,tf card,usb2.0 		bluetooth4.0 					android 6.0 	802.11b/g/n 
http://www.gearbest.com/tv-box-mini-pc/pp_443591.html	sunvell t95z plus tv box amlogic s912 octa core	$56.99	tv box 	2g ram,3g ram 	arm mali-t820mp3 	sunvell 	t95z plus 	amlogic s912 	amlogic s912 	2.0ghz,octa core 	black 	ddr3 	16g rom,32g rom 	0.2500 kg 	13.00 x 13.00 x 3.00 cm / 5.12 x 5.12 x 1.18 inches 	av,dc power port,hdmi,optical,rj45,tf card,usb2.0 	2				64bit 	1tb 	android 7.1 	
http://www.gearbest.com/tv-box-mini-pc/pp_625312.html	z69 plus digital tv box	$81.21	tv box 	3g ram 	arm mali-t820mp3 		z69 plus 	amlogic s912 	arm cortex-a53 	2.0ghz,octa core 		ddr3 	32g rom 	0.2000 kg 	10.70 x 10.80 x 2.40 cm / 4.21 x 4.25 x 0.94 inches 	hdmi 	2	bluetooth 4.1 	10 / 100m 		64bit 		android 6.0.1 	
http://www.gearbest.com/tv-box-mini-pc/pp_615650.html	voyo v1 mini pc intel celeron n3450	$189.99	mini pc 	4g 	intel hd graphic 	voyo 	v1 		intel celeron n3450 	quad core 	blue,golden,rose gold 	ddr3l 	128g 	0.4000 kg 	12.00 x 12.00 x 2.70 cm / 4.72 x 4.72 x 1.06 inches 	3.5mm audio,dc power port,mini hdmi female,rj45,tf card,usb3.0 	1.4	unsupport 	1000m 	out-cell 	64bit 	2tb 	windows 10.1 	
http://www.gearbest.com/tv-box-mini-pc/pp_615652.html	voyo v1 mini pc intel celeron n3450	$189.99	mini pc 	4g 	intel hd graphic 	voyo 	v1 		intel celeron n3450 	quad core 	blue,golden,rose gold 	ddr3l 	128g 	0.4000 kg 	12.00 x 12.00 x 2.70 cm / 4.72 x 4.72 x 1.06 inches 	3.5mm audio,dc power port,mini hdmi female,rj45,tf card,usb3.0 	1.4	unsupport 	1000m 	out-cell 	64bit 	2tb 	windows 10.1 	
http://www.gearbest.com/tv-box-mini-pc/pp_275100.html	minix neo u1 android quad core tv box	$120.43	tv box 	2g 	mali-450 	minix 	neo u1 		amlogic s905 	quad core 	black 	ddr3 	16g 	0.278 kg 	12.70 x 12.70 x 2.20 cm / 5 x 5 x 0.87 inches 	3.5mm audio,dc power port,hdmi,lan,otg,spdif,tf card,usb2.0 	2	bluetooth 4.1 + edr 			64bit 	500gb 	android 5.1.1 	802.11 ac 
http://www.gearbest.com/tv-box-mini-pc/pp_401530.html	acemax g10x smart box tv amlogic s905x quad core	$56.23	tv box 	1g 	mali-450 	acemax 	g10x 		amlogic s905x 	quad core 	black 	ddr3 	8g 	0.1600 kg 	11.00 x 11.00 x 2.00 cm / 4.33 x 4.33 x 0.79 inches 	av,dc power port,hdmi,rj45,spdif,tf card,usb2.0 						32gb 	android 6.0 	802.11b/g/n 
http://www.gearbest.com/tv-box-mini-pc/pp_649082.html	m96x smart tv box	$46.14	tv box 	2g ram 	mali-450 		m96x 	s905x 	arm cortex-a53 	quad core 		ddr3 	8g rom 	0.2800 kg 	9.60 x 9.60 x 2.00 cm / 3.78 x 3.78 x 0.79 inches 	dc power port,hdmi,optical,tf card,usb2.0,usb3.0 	2		10 / 100m 	ap6335 	64bit 		android 7.1 	
http://www.gearbest.com/tv-box-mini-pc/pp_452950.html	sunvell t95u - pro android 6.0 tv box	$59.99	tv box 	2g 	arm mali-t820mp3 	sunvell 	t95u - pro 	amlogic s912 	amlogic s912 	2.08ghz 	red 	ddr3 	16g 	0.3000 kg 	13.00 x 13.00 x 3.00 cm / 5.12 x 5.12 x 1.18 inches 	av,dc 5v,hdmi,optical,rj45,tf card,usb2.0 	1	bluetooth4.0 			64bit 	1tb 	android 6.0 	
http://www.gearbest.com/tv-box-mini-pc/pp_424840.html	m95 amlogic s905x quad core android tv set box	$37.34	tv box 	1g ram 	mali-450 		m95 	amlogic s905 	amlogic s905 	2.0ghz,quad core 	black 	ddr3 	8g rom 	0.1300 kg 	9.00 x 9.00 x 2.00 cm / 3.54 x 3.54 x 0.79 inches 	av,dc power port,hdmi,micro sd card slot,rj45,usb2.0 					64bit 		android 6.0 	
http://www.gearbest.com/tv-box-mini-pc/pp_627110.html	a95x a1 tv box	$27.99	tv box 	1g 	mali-450 mp 	a95x 	a95x a1 	s905x 	cortex a53 	2.0ghz,quad core 		ddr3 	8g 	0.1200 kg 	9.30 x 9.30 x 1.50 cm / 3.66 x 3.66 x 0.59 inches 	spdif,tf card,usb2.0 	2		100m 		64bit 		android 6.0 	802.11b/g/n 
http://www.gearbest.com/tv-box-mini-pc/pp_624888.html	mini m8s pro tv box	$52.99	tv box 	2g 	arm mali-t820mp3 		mini m8s pro 	amlogic s912 	cortex a53 	octa core 		ddr3 	32g 	0.1840 kg 	11.00 x 11.00 x 1.75 cm / 4.33 x 4.33 x 0.69 inches 	dc power port,hdmi,rj45,spdif,tf card,usb2.0 	2	bluetooth4.0 	1000m 	9377	64bit 	32gb 	android 6.0 	
http://www.gearbest.com/tv-box-mini-pc/pp_272898.html	measy b4ts android tv media player box	$46.76	tv box 	1g ram 	mali-450 	measy 	b4ts 		amlogic s905 	quad core 	black 	ddr3 	8g rom 		11.50 x 11.46 x 2.44 cm / 4.53 x 4.51 x 0.96 inches 	dc 5v,hdmi,micro sd card slot,optical,rj45,spdif,usb2.0 				2.4g 	64bit 	32gb 	android 5.1.1 	
http://www.gearbest.com/tv-box-mini-pc/pp_576024.html	voyo v1 mini pc intel pentium n4200	$215.99	mini pc 	4g ram 	intel hd graphic 	voyo 	v1 		intel pentium n4200 	quad core 	golden,rose gold,royal blue 	ddr3l 	32g rom 	0.4000 kg 	12.00 x 12.00 x 2.80 cm / 4.72 x 4.72 x 1.1 inches 	3.5mm audio,dc power port,mini hdmi female,rj45,tf card,usb3.0 	1.4	unsupport 	1000m 	yes 	64bit 	512gb 	windows 10.1 	
http://www.gearbest.com/tv-box-mini-pc/pp_464204.html	guleek glk200 amlogic s905 quad-core tv media box	$31.39	tv box 	1g 	mali-450 	guleek 	glk200 		amlogic s905 	2.0ghz 	black 	ddr3 	8g 	0.2000 kg 	11.70 x 11.70 x 2.60 cm / 4.61 x 4.61 x 1.02 inches 	av,dc 5v,ethernet,hdmi,sd card slot,spdif,tf card,usb2.0 	1				64bit 	128gb 	android 5.1 	
http://www.gearbest.com/tv-box-mini-pc/pp_607797.html	voyo vmac mini pc	$235.99	mini pc 	8gb 	intel hd graphic 5500 	voyo 	vmac 		apollo lake n4200 	quad core 		ddr3l 	32g emmc + 128g ssd 	0.4000 kg 	12.00 x 12.00 x 2.80 cm / 4.72 x 4.72 x 1.1 inches 	3.5mm audio,dc 5v,mini hdmi female,rj45,tf card,usb3.0 	1.4	unsupport 	1000m 	no 	64bit 		windows 10.1 	
http://www.gearbest.com/tv-box-mini-pc/pp_638551.html	t9 s912 tv box	$68.42	tv box 	2g 	arm mali-t820mp3 		t9 s912 	amlogic s912 	amlogic s912 	1.5ghz 		ddr3 	16g 	0.1550 kg 	12.50 x 12.50 x 2.50 cm / 4.92 x 4.92 x 0.98 inches 	av,dc 5v,ethernet,hdmi,lan,tf card,usb2.0 	2	bluetooth4.0 			64bit 	64gb 	android 6.0.1 	
http://www.gearbest.com/tv-box-mini-pc/pp_591550.html	mecool bb2 pro tv box android 6.0 3gb ddr4 + 16gb	$73.99	tv box 	3g ram 	arm mali-t820mp3 	mecool 	bb2 pro 	amlogic s912 	amlogic s912 	octa core 		ddr4 	16g rom 	0.2060 kg 	10.90 x 10.90 x 2.10 cm / 4.29 x 4.29 x 0.83 inches 	av,dc 5v,hdmi,rj45,spdif,tf card,usb2.0 	2	bluetooth4.0 	10/100m/1000m rgmii 		64bit 	32gb 	android 6.0 	802.11 b/g/n/ac 
http://www.gearbest.com/tv-box-mini-pc/pp_597285.html	mecool km8 p android setup box	$35.99	tv box 	1g 	arm mali-t820mp3 	mecool 	km8 p 	amlogic s912 	cortex a53 	octa core 		ddr3 	8g 	0.0900 kg 	9.70 x 9.70 x 1.70 cm / 3.82 x 3.82 x 0.67 inches 	av,dc power port,hdmi,rj45,tf card,usb2.0 	2		100m 		64bit 	128gb 	android 7.1 	802.11b/g/n 
http://www.gearbest.com/tv-box-mini-pc/pp_576023.html	voyo v1 mini pc intel pentium n4200	$215.99	mini pc 	4g ram 	intel hd graphic 	voyo 	v1 		intel pentium n4200 	quad core 	golden,rose gold,royal blue 	ddr3l 	32g rom 	0.4000 kg 	12.00 x 12.00 x 2.80 cm / 4.72 x 4.72 x 1.1 inches 	3.5mm audio,dc power port,mini hdmi female,rj45,tf card,usb3.0 	1.4	unsupport 	1000m 	yes 	64bit 	512gb 	windows 10.1 	
http://www.gearbest.com/tv-box-mini-pc/pp_484031.html	tx8 android 6.0 digital tv converter box	$74.0	tv box 	2g 	arm mali-t820mp3 		tx8 		amlogic s912 	2.08ghz 	silver 	ddr3 	32g 	0.500 kg 	10.80 x 10.80 x 1.90 cm / 4.25 x 4.25 x 0.75 inches 	av,dc 5v,hdmi,rj45,spdif,tf card,usb2.0 	2	bluetooth4.0 			64bit 	500gb 	android 6.0 	
http://www.gearbest.com/tv-box-mini-pc/pp_639885.html	voyo v1 vmac mini pc	$156.76	mini pc 	4g ram 	intel hd graphic 	voyo 	v1 vmac 	apollo lake n3450 	apollo lake n3450 	quad core 		ddr3l 	32g rom 	0.4000 kg 	12.00 x 12.00 x 2.80 cm / 4.72 x 4.72 x 1.1 inches 	3.5mm audio,dc power port,mini hdmi female,rj45,tf card,usb3.0 	1.4	unsupport 	1000m 	out-cell 	64bit 		windows 10 	
http://www.gearbest.com/tv-box-mini-pc/pp_493130.html	minix neo z83 - 4 fanless mini pc 64bit windows 10	$226.05	desktop,mini pc 	4g 	intel hd graphic 	minix 	neo z83 - 4 		intel atom x5-z8350 	quad core 	black 	ddr3l 	32g 	0.3480 kg 	12.20 x 12.20 x 2.50 cm / 4.8 x 4.8 x 0.98 inches 	3.5mm audio,dc power port,ethernet,hdmi,mini dp,tf card,usb2.0,usb3.0 	1.4	support 			64bit 		windows 10 	802.11 ac 
http://www.gearbest.com/tv-box-mini-pc/pp_235081.html	pipo x9 tv box 8.9 inch tablet mini pc	$125.28	tv box 	2g ram 		pipo 	x9 		intel baytrail t z3736f 	quad core 	black 		32g rom 	0.6390 kg 	21.70 x 15.20 x 6.10 cm / 8.54 x 5.98 x 2.4 inches 	3.5mm audio,dc power port,hdmi,micro usb,rj45,tf card,usb2.0 		bluetooth4.0 			64bit 	64gb 	android 4.4,windows 10 	ieee 802.11 b/g/n 
http://www.gearbest.com/tv-box-mini-pc/pp_484033.html	tx7 android 6.0 digital tv converter box	$66.37	tv box 	2g 	mali-450 		tx7 		amlogic s905x 	2.0ghz 	silver 	ddr3 	32g 	0.500 kg 	10.80 x 10.80 x 1.90 cm / 4.25 x 4.25 x 0.75 inches 	av,dc 5v,hdmi,rj45,spdif,tf card,usb2.0 	2	bluetooth4.0 			64bit 		android 6.0 	
http://www.gearbest.com/tv-box-mini-pc/pp_562947.html	morefine m1s mini pc stick	$181.14	mini pc 	4g 	intel hd graphic 	morefine 	m1s 	intel atom x5-z8350 	intel atom x5-z8350 	quad core 	black 	ddr3 	64g 	0.0650 kg 	12.40 x 3.70 x 1.20 cm / 4.88 x 1.46 x 0.47 inches 	hdmi,micro sd card slot,usb2.0,usb3.0 	2	bluetooth4.0 	no 	intel 3165 	64bit 	128gb 	windows 10 	
http://www.gearbest.com/tv-box-mini-pc/pp_621641.html	csa93 android tv box amlogic s912 64bit octa core	$96.64	tv box 	2g,3gb 	arm mali-t820mp3 		csa93 	amlogic s912 	arm cortex-a53 	2.0ghz,octa core 	black 		16g,32g 	0.2300 kg 	6.00 x 9.00 x 3.00 cm / 2.36 x 3.54 x 1.18 inches 	av,dc 5v,hdmi,micro sd card slot,optical,otg,spdif,usb2.0 	2	bluetooth 4.1 	1000m 	q9377 	64bit 	128gb 	android 6.0 	802.11 a/b/g/n/ac 
http://www.gearbest.com/tv-box-mini-pc/pp_614301.html	minix z83 - 4 windows 10 tv box + minix k2 mini keyboard	$220.15	tv box 	4g 	intel hd graphic 	minix 	z83 - 4 		intel atom x5-z8350 	quad core 		ddr3l 	32g 	0.9520 kg 	26.00 x 13.00 x 5.00 cm / 10.24 x 5.12 x 1.97 inches 	3.5mm audio,dc power port,ethernet,hdmi,tf card,usb2.0,usb3.0 	1.4				64bit 	16gb	windows 10 	
http://www.gearbest.com/tv-box-mini-pc/pp_487815.html	inthd box i7 tv hd box amlogic s912 octa core	$63.79	tv box 	2g 	arm mali-t820mp3 	intbox 	i7 		amlogic s912 	octa core 	white 	ddr3 	8g 	0.300 kg 	12.10 x 10.00 x 2.40 cm / 4.76 x 3.94 x 0.94 inches 	av,dc power port,ethernet,hdmi,optical,tf card,usb2.0 	2	bluetooth4.0 			64bit 		android 6.0 	802.11 ac 
http://www.gearbest.com/tv-box-mini-pc/pp_607542.html	beelink gt1 ultimate android tv box	$71.99	tv box 	3g ram 	arm mali-t820mp3 	beelink 	gt1 ultimate 		amlogic s912 	2.0ghz,octa core 		ddr4 	32g rom 	0.1930 kg 	9.60 x 9.60 x 1.60 cm / 3.78 x 3.78 x 0.63 inches 	dc 5v,hdmi,lan,micro sd card slot,spdif,usb2.0 	2	bluetooth4.0 			32bit 	64gb 	android 6.0 	
http://www.gearbest.com/tv-box-mini-pc/pp_580665.html	z83s receiver hd mini pc intel atom x5-z8350 quad core	$78.03	mini pc 	2g ram 	intel hd graphics 400 		z83s 	intel atom x5-z8350 	intel atom x5-z8350 	quad core 	black 	ddr3 	32g rom 	0.0500 kg 	10.00 x 3.85 x 1.50 cm / 3.94 x 1.52 x 0.59 inches 	dc 5v,hdmi,micro sd card slot,micro usb,usb3.0 	1.4	bluetooth4.0 	no 	ieee 802.11a / b / g / n 	64bit 	128gb 	windows 10 	
http://www.gearbest.com/tv-box-mini-pc/pp_553852.html	nexsmart d32 tv box	$29.99	tv box 	1g ram 	mali-400 mp 	nexsmart 	d32 		rk3229 	1.5ghz 	black 	ddr3 	8g rom 	0.1500 kg 	10.60 x 9.80 x 2.70 cm / 4.17 x 3.86 x 1.06 inches 	av,dc power port,hdmi,lan,spdif,tf card,usb2.0 	2	unsupport 	10m / 100m 	rtl8189 	32bit 	1tb 	android 5.1 	
http://www.gearbest.com/tv-box-mini-pc/pp_597284.html	mecool km8 p tv box	$35.99	tv box 	1g 	arm mali-t820mp3 	mecool 	km8 p 	amlogic s912 	cortex a53 	octa core 		ddr3 	8g 	0.0900 kg 	9.70 x 9.70 x 1.70 cm / 3.82 x 3.82 x 0.67 inches 	av,dc power port,hdmi,rj45,tf card,usb2.0 	2		100m 		64bit 	128gb 	android 7.1 	802.11b/g/n 
http://www.gearbest.com/tv-box-mini-pc/pp_484213.html	coowell v5 android 6.0 streaming usb tv stick	$34.59	tv receiver 	1g 	mali-450 	coowell 	v5 		amlogic s905x 	2.0ghz 	black 	ddr3 	8g 	0.109 kg 	10.20 x 4.00 x 0.80 cm / 4.02 x 1.57 x 0.31 inches 	hdmi,micro usb,otg,tf card,usb2.0 	2		100mbps 	for samsung original 	64bit 	500gb 	android 6.0 	802.11b/g/n 
http://www.gearbest.com/tv-box-mini-pc/pp_624333.html	mx9 pro mini tv box	$31.99	tv box 	1g 	mali-450 		mx9 pro mini 	rk3328 	cortex a53 	quad core 		ddr3 	8g 	0.2700 kg 	8.20 x 8.20 x 2.00 cm / 3.23 x 3.23 x 0.79 inches 		2	unsupport 	100m 	am8189 	64bit 	64gb 	android 7.1 	
http://www.gearbest.com/tv-box-mini-pc/pp_274248.html	minix neo u1 android tv box mini pc	$142.99	tv box 	2g 	mali-450 	minix 	neo u1 		amlogic s905 	quad core 	black 	ddr3 	16g 	0.278 kg 	12.70 x 12.70 x 2.20 cm / 5 x 5 x 0.87 inches 	3.5mm audio,dc power port,hdmi,lan,otg,spdif,tf card,usb2.0 	2	bluetooth 4.1 + edr 			64bit 	500gb 	android 5.1.1 	802.11 ac 
http://www.gearbest.com/tv-box-mini-pc/pp_660582.html	scishion v88 mars ii smart tv box	$29.99	tv box 	2g ram 	mali-400 	scishion 	v88 mars ii 	rk3229 	arm cortex-a7 	quad core 		ddr3 	8g rom 	0.0750 kg 	9.20 x 9.20 x 1.70 cm / 3.62 x 3.62 x 0.67 inches 		2		100m 	6051p 	32bit 	32gb 	android 6.0 	
http://www.gearbest.com/tv-box-mini-pc/pp_608687.html	higole gole1 plus mini pc	$169.99	mini pc 	4g ram 	intel gen 8-lp 	higole 	gole1 plus 	intel atom x5-z8350 	intel atom x5-z8350 	quad core 		lpddr3 	128g rom,64g rom 	0.6600 kg 	19.90 x 13.60 x 2.70 cm / 7.83 x 5.35 x 1.06 inches 	3.5mm audio,dc power port,hdmi,lan,micro sd card slot,usb2.0,usb3.0 	1.4	bluetooth4.0 	100m 	no 	64bit 	128gb 	windows 10 	
http://www.gearbest.com/tv-box-mini-pc/pp_434477.html	scishion v88 pro tv box amlogic s905x quad core	$29.99	tv box 	1g ram 	mali-450 	scishion 	v88 pro 	s905x 	amlogic s905x 	2.0ghz 	black 		8g rom 	0.1430 kg 	11.60 x 11.60 x 2.50 cm / 4.57 x 4.57 x 0.98 inches 	av,dc power port,hdmi,rj45,sd card slot,spdif,usb2.0 				rtl8189 	32bit 		android 6.0 	
http://www.gearbest.com/tv-box-mini-pc/pp_614305.html	minix neo u1 android 5 tv box + minix neo a3 air mouse	$144.56	tv box 	2g 	mali-450 	minix 	neo u1 		cortex a53 	quad core 	black 	ddr3 	16g 	0.7600 kg 	12.70 x 12.70 x 2.20 cm / 5 x 5 x 0.87 inches 	kensington lock,otg,tf card,usb2.0 					64bit 	64gb 	android 5.1.1 	
http://www.gearbest.com/tv-box-mini-pc/pp_633910.html	h96 tv box	$32.3	tv box 	1g ram 	mali-400 		h96 	rk3229 	arm cortex-a7 	quad core 		ddr3 	8g rom 	0.2300 kg 	12.30 x 12.30 x 2.30 cm / 4.84 x 4.84 x 0.91 inches 		2	unsupport 	100m 	ap6051 		32gb 	android 6.0 	
http://www.gearbest.com/tv-box-mini-pc/pp_612274.html	minix neo u9 - h tv box	$163.8	tv box 	2g ram 	arm mali-t820mp3 	minix 	neo u9 - h 	amlogic s912-h 	arm cortex-a53 	octa core 	black 		16g rom 	0.2780 kg 	12.70 x 12.70 x 2.20 cm / 5 x 5 x 0.87 inches 	3.5mm audio,dc power port,hdmi,kensington lock,lan,microphone jack,otg,spdif,tf card,usb2.0 		bluetooth 4.1 		ap6335 		64gb 		802.11 a/b/g/n/ac 
http://www.gearbest.com/tv-box-mini-pc/pp_555825.html	m8s - ii tv android box 4k xbmc 1000m ethernet	$65.98																						
http://www.gearbest.com/tv-box-mini-pc/pp_608446.html	mecool kiii pro internet tv box	$115.99	tv box 	3g ram 	arm mali-t820mp3 	mecool 	kiii pro 	amlogic s912 	amlogic s912 	octa core 	black 	ddr3 	16g rom 	0.2600 kg 	13.00 x 12.00 x 3.20 cm / 5.12 x 4.72 x 1.26 inches 	av,dvb-s2,dvb-t2,hdmi,rj45,spdif,tf card,usb2.0 	2	bluetooth4.0 	1000m 	bcm4335 	64bit 	128gb 	android 6.0 	
http://www.gearbest.com/tv-box-mini-pc/pp_332292.html	k6 smart tv streaming media box android	$90.08	tv box 	2g 	mali-450 mp 		k6 		amlogic s812 	quad core 	black 		8g 	0.740 kg 	20.20 x 12.20 x 3.20 cm / 7.95 x 4.8 x 1.26 inches 	av,hdmi,lan,optical,usb2.0 		bluetooth4.0 					android 5.1.1 	
http://www.gearbest.com/tv-box-mini-pc/pp_608471.html	dolamee d6 tv turner box	$51.83	tv box 	2g ram 	mali-450 	dolamee 	d6 	s905x 	cortex a53 	2.0ghz,quad core 		ddr3 	8g rom 	0.1300 kg 	10.30 x 10.30 x 2.00 cm / 4.06 x 4.06 x 0.79 inches 	av,dc 5v,hdmi,lan,spdif,tf card,usb2.0 	2				64bit 		android 6.0 	
http://www.gearbest.com/tv-box-mini-pc/pp_612217.html	minix neo u9 - h tv box + minix a3 air mouse	$152.99	tv box 	2g 	arm mali-t820mp3 	minix 	neo u9 - h 	amlogic s912-h 	cortex a53 	octa core 		ddr3 	16g 	0.2780 kg 	12.70 x 12.70 x 2.20 cm / 5 x 5 x 0.87 inches 	3.5mm audio,av,dc 5v,dc power port,hdmi,otg,rj45,spdif,tf card,usb2.0 	2	bluetooth 4.1 + edr 			64bit 	64gb 	android 6.0.1 	
http://www.gearbest.com/tv-box-mini-pc/pp_484218.html	scishion v88 plus smart tv hd box android system	$28.99	tv box 	2g ram 	mali-400 	scishion 	v88 plus 		rk3229 	1.5ghz,quad core 	black 	ddr3 	8g rom 	0.1430 kg 	11.60 x 11.60 x 2.50 cm / 4.57 x 4.57 x 0.98 inches 	av,dc power port,hdmi,rj45,sd card slot,spdif,usb2.0 	2			6051p 	32bit 		android 5.1,android 6.0 	802.11b/g/n 
http://www.gearbest.com/tv-box-mini-pc/pp_655688.html	x2 - a smart tv box	$29.99	tv box 	1g ram 	mali400mp2 			allwinne h3 	arm cortex-a7 	quad core 		ddr3 	8g rom 	0.1800 kg 	11.00 x 11.00 x 17.50 cm / 4.33 x 4.33 x 6.89 inches 	dc power port,hdmi,rj45,sd card slot,usb2.0 	2	unsupport 	100m 	ap8189 	32bit 	64gb 	android 4.4 	
http://www.gearbest.com/tv-box-mini-pc/pp_624804.html	sunvell r69 tv box	$21.99	tv box 	1g 	mali400mp2 	sunvell 	r69 	allwinner h2 	arm cortex-a7 	quad core 		ddr3 	8g 	0.2000 kg 	9.00 x 9.50 x 1.80 cm / 3.54 x 3.74 x 0.71 inches 		1.4	unsupport 	100m 	xr819 	32bit 	32gb 	android 6.0 	
http://www.gearbest.com/tv-box-mini-pc/pp_415611.html	sunvell t95x amlogic s905x android tv box	$45.54	tv box 	2g ram 	mali-450 	sunvell 	t95x 	s905x 	amlogic s905x 	2.0ghz,quad core 	black 	ddr3 	8g rom 	0.2000 kg 	9.30 x 9.30 x 1.70 cm / 3.66 x 3.66 x 0.67 inches 	av,dc power port,hdmi,rj45,tf card,usb2.0 	2				64bit 	500gb 	android 6.0 	
http://www.gearbest.com/tv-box-mini-pc/pp_614502.html	minix z83 - 4 tv box + minix k2 mini keyboard	$220.45	tv box 	4g 	intel hd graphic 	minix 	z83 - 4 		intel atom x5-z8350 	quad core 		ddr3l 	32g 	0.9840 kg 	12.70 x 12.70 x 2.40 cm / 5 x 5 x 0.94 inches 	3.5mm audio,dc power port,ethernet,hdmi,mini dp 		support 		ap6255 	64bit 		windows 10 	
http://www.gearbest.com/tv-box-mini-pc/pp_408546.html	mecool hm8 tv box amlogic s905x quad core	$29.99	tv box 	1g ram 	mali-450 	mecool 	hm8 		amlogic s905x 	2.0ghz,quad core 	golden 	ddr3 	8g rom 	0.1000 kg 	9.80 x 9.80 x 2.50 cm / 3.86 x 3.86 x 0.98 inches 	cvbs/l/r,dc power port,hdmi,rj45,tf card,usb2.0 				rtl8189 	64bit 	32gb 	android 6.0 	802.11b/g/n 
http://www.gearbest.com/tv-box-mini-pc/pp_622599.html	c8 player tv box	$42.93	tv box 	1g 	mali-450mp2 		c8 player 	rk3328 	cortex a53 	1.5ghz 		ddr3 	8g 	0.1000 kg 	9.00 x 9.00 x 18.00 cm / 3.54 x 3.54 x 7.09 inches 	av,hdmi,rj45,spdif,tf card,usb 3.1,usb2.0 	2	unsupport 	100m 	reatek8189 	64bit 	128gb 	android 7.1 	
http://www.gearbest.com/tv-box-mini-pc/pp_428522.html	beelink gt1 android tv box octa core amlogic s912	$59.99	tv box 	2g 	arm mali-t820mp3 	beelink 	gt1 	amlogic s912 	amlogic s912 	2.0ghz,octa core 	black 	ddr3 	16g,32g 	0.1800 kg 	9.60 x 9.60 x 1.60 cm / 3.78 x 3.78 x 0.63 inches 	dc 5v,hdmi,micro sd card slot,rj45,spdif,usb2.0 	2	bluetooth4.0 			64bit 	500gb 	android 6.0 	802.11 a/b/g/n/ac 
http://www.gearbest.com/tv-box-mini-pc/pp_555828.html	x92 set top box android tv online player	$71.95	tv box 	2g 	arm mali-t820mp3 		x92 		amlogic s912,cortex a53 	2.0ghz,octa core 	black 	ddr3l 	16g 	0.1950 kg 	16.50 x 11.50 x 2.50 cm / 6.5 x 4.53 x 0.98 inches 	av,dc 5v,ethernet,hdmi,optical,sd card slot,usb2.0 	2	bluetooth4.0 	1000mbps 		64bit 	1tb 	android 6.0 	802.11 a/b/g/n/ac 
http://www.gearbest.com/tv-box-mini-pc/pp_619406.html	mecool m8s pro tv box	$59.99	tv box 	2g ram,3g ram 	arm mali-t820mp3 	mecool 	m8s pro 	amlogic s912 	arm cortex-a53 	2.0ghz,octa core 		ddr4 	16g rom,32g rom 	0.1100 kg 	10.20 x 10.20 x 2.10 cm / 4.02 x 4.02 x 0.83 inches 	av,dc 5v,hdmi,lan,tf card,usb2.0 	2	bluetooth 4.1 		qca9377 	64bit 	32gb 		
http://www.gearbest.com/tv-box-mini-pc/pp_640687.html	alfawise z28 pro smart tv box	$43.99	tv box 	2g ram 	mali-450 	alfawise 	z28 pro 	rk3328 	arm cortex-a53 	1.5ghz,quad core 			16g rom 	0.1200 kg 	10.00 x 10.00 x 1.60 cm / 3.94 x 3.94 x 0.63 inches 	av,dc power port,hdmi,micro sd card slot,rj45,spdif,usb2.0,usb3.0 		bluetooth4.0 			64bit 	64gb 	android 7.1 	802.11 a/b/g/n/ac 
http://www.gearbest.com/tv-box-mini-pc/pp_612222.html	minix neo u9 - h octa core tv box + minix a2 lite air mouse	$162.41	tv box 	2g 	arm mali-t820mp3 	minix 	neo u9 - h 	s905x 	cortex a53 	octa core 		ddr3 	16g 	0.2780 kg 	12.70 x 12.70 x 2.20 cm / 5 x 5 x 0.87 inches 	3.5mm audio,ant-in,dc 5v,dc power port,hdmi,otg,rj45,spdif,tf card,usb2.0 	2	bluetooth 4.1 + edr 	1000m 		64bit 	68gb 	android 6.0.1 	
http://www.gearbest.com/tv-box-mini-pc/pp_411166.html	m9s - z8 android tv streaming box quad core amlogic s905	$59.66	tv box 	2g 	mali-450 		m9s - z8 	amlogic s905 	amlogic s905 	2.0ghz,quad core 	black 	ddr3 	16g 	0.1600 kg 	14.00 x 10.00 x 3.00 cm / 5.51 x 3.94 x 1.18 inches 	av,dc power port,hdmi,rj45,sd card slot,spdif,usb2.0 		bluetooth4.0 					android 5.1 	
http://www.gearbest.com/tv-box-mini-pc/pp_612273.html	minix neo u9 - h tv box	$163.8	tv box 	2g ram 	arm mali-t820mp3 	minix 	neo u9 - h 	amlogic s912-h 	arm cortex-a53 	octa core 	black 		16g rom 	0.2780 kg 	12.70 x 12.70 x 2.20 cm / 5 x 5 x 0.87 inches 	3.5mm audio,dc power port,hdmi,kensington lock,lan,microphone jack,otg,spdif,tf card,usb2.0 		bluetooth 4.1 		ap6335 		64gb 		802.11 a/b/g/n/ac 
http://www.gearbest.com/tv-box-mini-pc/pp_464590.html	minix neo z83 - 4 fanless mini pc 64bit windows 10	$169.99	desktop,mini pc 	4g 	intel hd graphic 	minix 	neo z83 - 4 		intel atom x5-z8350 	quad core 	black 	ddr3l 	32g 	0.3480 kg 	12.20 x 12.20 x 2.50 cm / 4.8 x 4.8 x 0.98 inches 	3.5mm audio,dc power port,ethernet,hdmi,mini dp,tf card,usb2.0,usb3.0 	1.4	support 			64bit 		windows 10 	802.11 ac 
http://www.gearbest.com/tv-box-mini-pc/pp_658916.html	z69 tv box	$62.22	tv box 	3g ram 	mali-450 		z69 	arm cortex a53 	amlogic s905x 	quad core 	black 	ddr3 	32g rom 	0.1650 kg 	10.00 x 10.50 x 15.00 cm / 3.94 x 4.13 x 5.91 inches 	dc power port,otg,rj45,spdif,tf card,usb2.0 	2	bluetooth4.0 	100m 	rtl8723bs 	64bit 	64gb 	android 6.0 	
http://www.gearbest.com/tv-box-mini-pc/pp_616043.html	scishion v88 mini tv box	$23.99	tv box 	1g ram 	mali-400 	scishion 	v88 mini 	rk3229 	rk3229 	quad core 		ddr3 	8g rom 	0.0930 kg 	10.00 x 10.00 x 1.60 cm / 3.94 x 3.94 x 0.63 inches 	av,dc power port,hdmi,spdif,tf card,usb2.0 	1.4	unsupport 	100m 	8723cs 	32bit 	32gb 	android 6.0 	
http://www.gearbest.com/tv-box-mini-pc/pp_633836.html	mecool m8s pro tv box	$69.99	tv box 	2g ram,3g ram 	arm mali-t820mp3 	mecool 	m8s pro 	amlogic s912 	arm cortex-a53 	2.0ghz,octa core 		ddr4 	16g rom,32g rom 	0.1100 kg 	10.20 x 10.20 x 2.10 cm / 4.02 x 4.02 x 0.83 inches 	av,dc 5v,hdmi,lan,tf card,usb2.0 	2	bluetooth 4.1 		qca9377 	64bit 	32gb 		
http://www.gearbest.com/tv-box-mini-pc/pp_619409.html	mecool m8s pro tv box	$59.59	tv box 	2g ram,3g ram 	arm mali-t820mp3 	mecool 	m8s pro 	amlogic s912 	arm cortex-a53 	2.0ghz,octa core 		ddr4 	16g rom,32g rom 	0.1100 kg 	10.20 x 10.20 x 2.10 cm / 4.02 x 4.02 x 0.83 inches 	av,dc 5v,hdmi,lan,tf card,usb2.0 	2	bluetooth 4.1 		qca9377 	64bit 	32gb 		
http://www.gearbest.com/tv-box-mini-pc/pp_235413.html	pipo x9 tv box 8.9 inch tablet mini pc	$127.74	tv box 	2g 		pipo 	x9 		intel baytrail t z3736f 	quad core 	black 		32g 	0.6390 kg 	21.70 x 15.20 x 6.10 cm / 8.54 x 5.98 x 2.4 inches 	3.5mm audio,dc power port,hdmi,micro usb,rj45,tf card,usb2.0 		bluetooth4.0 				64gb 	android 4.4,windows 10 	ieee 802.11 b/g/n 
http://www.gearbest.com/tv-box-mini-pc/pp_449443.html	scishion v99 android movie box for tv	$58.99	tv box 	2g ram 	arm mali-t820mp3 	scishion 	v99 	amlogic s912 	arm cortex-a53 	2.0ghz 	black 	ddr2 	16g rom 	0.1970 kg 	12.00 x 12.00 x 2.50 cm / 4.72 x 4.72 x 0.98 inches 	dc 5v,hdmi,rj45,spdif,tf card,usb2.0 	1	bluetooth4.0 			64bit 	32gb 	android 6.0 	
http://www.gearbest.com/tv-box-mini-pc/pp_649685.html	zidoo x7 rk3328 smart tv box	$69.0	tv box 	2g ram 	mali-450mp2 	zidoo 		rk3328 	arm cortex-a53 	2.0ghz,quad core 		ddr3 	8g rom 	0.2000 kg 	10.90 x 10.90 x 2.00 cm / 4.29 x 4.29 x 0.79 inches 		2	bluetooth 4.1 	100m 	ap6255 	64bit 	64gb 	android 7.1 	
http://www.gearbest.com/tv-box-mini-pc/pp_494223.html	sunvell t95k pro android 7.1 tv box	$56.99	tv box 	2g ram 	arm mali-t820mp3 	sunvell 	t95k pro 	amlogic s912 	amlogic s912 	2.0ghz 	assorted color 	ddr3 	16g rom 	0.2500 kg 	13.00 x 13.00 x 3.00 cm / 5.12 x 5.12 x 1.18 inches 	av,dc 5v,hdmi,optical,rj45,usb2.0 	2	bluetooth4.0 			64bit 		android 7.1 	
http://www.gearbest.com/tv-box-mini-pc/pp_408547.html	mecool hm8 tv box amlogic s905x quad core	$29.99	tv box 	1g ram 	mali-450 	mecool 	hm8 		amlogic s905x 	2.0ghz,quad core 	golden 	ddr3 	8g rom 	0.1000 kg 	9.80 x 9.80 x 2.50 cm / 3.86 x 3.86 x 0.98 inches 	cvbs/l/r,dc power port,hdmi,rj45,tf card,usb2.0 				rtl8189 	64bit 	32gb 	android 6.0 	802.11b/g/n 
http://www.gearbest.com/tv-box-mini-pc/pp_288825.html	beelink bt3 intel mini pc nuc	$143.48	tv box 	2g 	intel hd graphic(gen7) 	beelink 	intel bt3 		intel atom cherry trail x5-z8300 	quad core 	black 			0.4500 kg 	12.00 x 12.00 x 2.40 cm / 4.72 x 4.72 x 0.94 inches 	dc power port,hdmi,microphone jack,rj45,sd card slot,usb2.0,usb3.0 		bluetooth4.0 			32bit 	128gb 	windows 10 	802.11 a/b/g/n 
http://www.gearbest.com/tv-box-mini-pc/pp_569439.html	voyo v1 mini pc intel pentium n4200	$215.99	mini pc 	4g ram 	intel hd graphic 	voyo 	v1 		intel pentium n4200 	quad core 	golden,rose gold,royal blue 	ddr3l 	32g rom 	0.4000 kg 	12.00 x 12.00 x 2.80 cm / 4.72 x 4.72 x 1.1 inches 	3.5mm audio,dc power port,mini hdmi female,rj45,tf card,usb3.0 	1.4	unsupport 	1000m 	yes 	64bit 	512gb 	windows 10.1 	
http://www.gearbest.com/tv-box-mini-pc/pp_275099.html	minix neo u1 tv box android 5.1.1	$125.84	tv box 	2g 	mali-450 	minix 	neo u1 		amlogic s905 	quad core 	black 	ddr3 	16g 	0.278 kg 	12.70 x 12.70 x 2.20 cm / 5 x 5 x 0.87 inches 	3.5mm audio,dc power port,hdmi,lan,otg,spdif,tf card,usb2.0 	2	bluetooth 4.1 + edr 			64bit 	500gb 	android 5.1.1 	802.11 ac 
http://www.gearbest.com/tv-box-mini-pc/pp_503423.html	sunvell t95v pro portable digital tv box android 7.1 os	$57.99	tv box 	2g 	arm mali-t820mp3 	sunvell 	sunvell t95v pro 		amlogic s912 	octa core 	black 	ddr3 	16g 	0.2500 kg 	13.00 x 13.00 x 3.00 cm / 5.12 x 5.12 x 1.18 inches 	av,dc power port,ethernet,hdmi,sd card slot,usb2.0 	2	bluetooth4.0 			64bit 	500gb 	android 7.1 	
http://www.gearbest.com/tv-box-mini-pc/pp_463454.html	mecool kii pro tv box quad core amlogic s905	$68.99	tv box 	2g 	mali-450 	mecool 	kii pro 	amlogic s905 	amlogic s905 	2.0ghz,quad core 	black 	ddr3 	16g 	0.1920 kg 	13.20 x 12.20 x 3.30 cm / 5.2 x 4.8 x 1.3 inches 	av,cvbs/l/r,dc power port,dvb-s2,dvb-t2,micro sd card slot,rj45,spdif,usb2.0 	2	bluetooth4.0 			64bit 		android 5.1.1 	802.11 b/g/n/ac 
http://www.gearbest.com/tv-box-mini-pc/pp_598800.html	ptvwire ca01f 8 pin hdmi cable	$12.0		128mb 	mali-400 	ptvwire 	ca01f 		am8252 	single core 		ddr3 	1g 	0.062 kg 	6.30 x 2.50 x 1.00 cm / 2.48 x 0.98 x 0.39 inches 	hdmi,micro usb 	1.4						linux 	
http://www.gearbest.com/tv-box-mini-pc/pp_607796.html	voyo vmac mini pc	$235.99	mini pc 	8gb 	intel hd graphic 5500 	voyo 	vmac 		apollo lake n4200 	quad core 		ddr3l 	32g emmc + 128g ssd 	0.4000 kg 	12.00 x 12.00 x 2.80 cm / 4.72 x 4.72 x 1.1 inches 	3.5mm audio,dc 5v,mini hdmi female,rj45,tf card,usb3.0 	1.4	unsupport 	1000m 	no 	64bit 		windows 10.1 	
http://www.gearbest.com/tv-box-mini-pc/pp_288823.html	beelink bt3 intel mini pc nuc	$142.43	tv box 	2g 	intel hd graphic(gen7) 	beelink 	intel bt3 		intel atom cherry trail x5-z8300 	quad core 	black 			0.450 kg 	12.00 x 12.00 x 2.40 cm / 4.72 x 4.72 x 0.94 inches 	dc power port,hdmi,microphone jack,rj45,sd card slot,usb2.0,usb3.0 		bluetooth4.0 			32bit 	128gb 	windows 10 	802.11 a/b/g/n 
http://www.gearbest.com/tv-box-mini-pc/pp_612626.html	z69 tv box	$37.99	tv box 	2g ram 	mali-450 		z69 	arm cortex a53 	amlogic s905x 	quad core 	black 	ddr3 	16g rom 	0.1650 kg 	10.00 x 10.50 x 15.00 cm / 3.94 x 4.13 x 5.91 inches 	dc power port,otg,rj45,spdif,tf card,usb2.0 	2	bluetooth4.0 	100m 	rtl8723bs 	64bit 	64gb 	android 6.0 	
http://www.gearbest.com/tv-box-mini-pc/pp_614948.html	minix z83 - 4 windows 10 tv box + minix k1 mini keyboard	$211.21	tv box 	4g 	intel hd graphic 	minix 	z83 - 4 		intel atom x5-z8350 	quad core 	black 	ddr3l 	32g 	0.8470 kg 	12.70 x 12.70 x 2.40 cm / 5 x 5 x 0.94 inches 	3.5mm audio,dc power port,ethernet,hdmi,mini dp,tf card,usb2.0,usb3.0 	1.4				64bit 	64gb 	windows 10 	802.11 ac 
http://www.gearbest.com/tv-box-mini-pc/pp_273236.html	minix neo u1 box android tv	$104.99	tv box 	2g 	mali-450 	minix 	neo u1 		amlogic s905 	quad core 	black 	ddr3 	16g 	0.278 kg 	12.70 x 12.70 x 2.20 cm / 5 x 5 x 0.87 inches 	3.5mm audio,dc power port,hdmi,lan,otg,spdif,tf card,usb2.0 	2	bluetooth 4.1 + edr 			64bit 	128gb 	android 5.1.1 	802.11 ac 
http://www.gearbest.com/tv-box-mini-pc/pp_631786.html	magicsee iron tv box	$59.65	tv box 	2g ram 	mali-450 		iron 	s905x 	cortex a53 	2.0ghz 		ddr3 	16g rom,8g rom 	0.1800 kg 	13.00 x 8.50 x 3.00 cm / 5.12 x 3.35 x 1.18 inches 	av,dc power port,hdmi,lan,optical,usb2.0 	2				64bit 	128gb 	android 6.0 	
http://www.gearbest.com/tv-box-mini-pc/pp_411168.html	m9s android tv streaming box quad core amlogic s905	$29.84	tv box 	1g ram 	mali-450 		m9s 	amlogic s905 	amlogic s905 	2.0ghz,quad core 	gray 	ddr3 	8g rom 	0.1000 kg 	9.00 x 9.00 x 2.00 cm / 3.54 x 3.54 x 0.79 inches 	av,dc power port,hdmi,rj45,spdif,tf card,usb2.0 							android 6.0 	
http://www.gearbest.com/tv-box-mini-pc/pp_627170.html	h96 max tv box	$109.99	tv box 	2g ram,4g ram 	mali-t860 		h96 max 	rk3399 	arm cortex-a72,cortex a53 	2.0ghz 		lpddr3 	16g rom,32g rom 	0.1500 kg 	10.70 x 10.70 x 2.00 cm / 4.21 x 4.21 x 0.79 inches 	dc power port,rj45,spdif,type-c,usb2.0,usb3.0 	2	bluetooth4.0 	1000m 	6255	64bit 		android 6.0 	
http://www.gearbest.com/tv-box-mini-pc/pp_596703.html	yokatv kb2 pro wifi android box 3gb ddr4 + 32gb emmc	$81.99	tv box 	3g ram 	arm mali-t820mp3 		kb2 pro 	amlogic s912 	cortex a53 	octa core 		ddr4 	32g rom 	0.2060 kg 	13.00 x 10.90 x 2.40 cm / 5.12 x 4.29 x 0.94 inches 	3.5mm audio,hdmi,rj45,spdif,tf card,usb2.0 		bluetooth4.0 	10m/100m/1000m 		64bit 		android 6.0 	802.11 b/g/n/ac 
http://www.gearbest.com/tv-box-mini-pc/pp_614947.html	minix z83 - 4 windows 10 tv box + minix k1 mini keyboard	$211.21	tv box 	4g 	intel hd graphic 	minix 	z83 - 4 		intel atom x5-z8350 	quad core 	black 	ddr3l 	32g 	0.8470 kg 	12.70 x 12.70 x 2.40 cm / 5 x 5 x 0.94 inches 	3.5mm audio,dc power port,ethernet,hdmi,mini dp,tf card,usb2.0,usb3.0 	1.4				64bit 	64gb 	windows 10 	802.11 ac 
http://www.gearbest.com/tv-box-mini-pc/pp_608001.html	voyo vmac mini pc apollo laken4200 cpu windows 10.1	$284.84	mini pc 	8g ram 	arm mali-t820mp3 	voyo 	vmac 	apollo lake n4200 	apollo laken4200 	quad core 		ddr3l 	32g 	0.4000 kg 	12.00 x 12.00 x 2.80 cm / 4.72 x 4.72 x 1.1 inches 	3.5mm audio,dc power port,mini hdmi female,rj45,tf card,usb3.0 	2	unsupport 	1	no 	64bit 		windows 10.1 	
http://www.gearbest.com/tv-box-mini-pc/pp_649936.html	sunvell t95rpro android smart live streaming tv box	$78.19	tv box 	3g ram 	arm mali-t820mp3 	sunvell 	t95rpro 	amlogic s912 	arm cortex-a53 	2.0ghz,octa core 	black 	ddr3 	32g rom 	0.4000 kg 	13.00 x 13.00 x 3.00 cm / 5.12 x 5.12 x 1.18 inches 	av,dc power port,hdmi,optical,rj45,sd card slot,usb2.0 	2	bluetooth4.0 			64bit 		android 7.1 	
http://www.gearbest.com/tv-box-mini-pc/pp_612220.html	minix neo u9 - h octa core tv box + minix a2 lite air mouse	$162.41	tv box 	2g 	arm mali-t820mp3 	minix 	neo u9 - h 	s905x 	cortex a53 	octa core 		ddr3 	16g 	0.2780 kg 	12.70 x 12.70 x 2.20 cm / 5 x 5 x 0.87 inches 	3.5mm audio,ant-in,dc 5v,dc power port,hdmi,otg,rj45,spdif,tf card,usb2.0 	2	bluetooth 4.1 + edr 	1000m 		64bit 	68gb 	android 6.0.1 	
http://www.gearbest.com/tv-box-mini-pc/pp_366095.html	h96 4k hd internet streaming box tv android 5.1 64bit	$39.76	tv box 	1g 	mali-450 		h96 		amlogic s905 	2.0ghz,quad core 	black 	ddr3 	8g 	0.2300 kg 	12.30 x 12.30 x 2.50 cm / 4.84 x 4.84 x 0.98 inches 	av,dc power port,hdmi,lan,sd card slot,spdif,usb2.0 					64bit 		android 5.1 	802.11 a/b/g/n/ac 
http://www.gearbest.com/tv-box-mini-pc/pp_627171.html	h96 max tv box	$109.99	tv box 	2g,4g 	mali-t860 		h96 max 	rk3399 	arm cortex-a72,cortex a53 	2.0ghz 		lpddr3 	16g,32g 	0.1500 kg 	10.70 x 10.70 x 2.00 cm / 4.21 x 4.21 x 0.79 inches 	dc power port,rj45,spdif,type-c,usb2.0,usb3.0 	2	bluetooth4.0 	1000m 	6255	64bit 		android 6.0 	
http://www.gearbest.com/tv-box-mini-pc/pp_624805.html	sunvell r69 tv box	$21.99	tv box 	1g 	mali400mp2 	sunvell 	r69 	allwinner h2 	arm cortex-a7 	quad core 		ddr3 	8g 	0.2000 kg 	9.00 x 9.50 x 1.80 cm / 3.54 x 3.74 x 0.71 inches 		1.4	unsupport 	100m 	xr819 	32bit 	32gb 	android 6.0 	
http://www.gearbest.com/tv-box-mini-pc/pp_274249.html	minix neo u1 digital tv android box	$134.9	tv box 	2g 	mali-450 	minix 	neo u1 		amlogic s905 	quad core 	black 	ddr3 	16g 	0.278 kg 	12.70 x 12.70 x 2.20 cm / 5 x 5 x 0.87 inches 	3.5mm audio,dc power port,hdmi,lan,otg,spdif,tf card,usb2.0 	2	bluetooth 4.1 + edr 			64bit 	500gb 	android 5.1.1 	802.11 ac 
http://www.gearbest.com/tv-box-mini-pc/pp_615649.html	voyo v1 mini pc intel celeron n3450	$189.99	mini pc 	4g 	intel hd graphic 	voyo 	v1 		intel celeron n3450 	quad core 	blue,golden,rose gold 	ddr3l 	128g 	0.4000 kg 	12.00 x 12.00 x 2.70 cm / 4.72 x 4.72 x 1.06 inches 	3.5mm audio,dc power port,mini hdmi female,rj45,tf card,usb3.0 	1.4	unsupport 	1000m 	out-cell 	64bit 		windows 10.1 	
http://www.gearbest.com/tv-box-mini-pc/pp_621883.html	scishion v99 - hero tv box	$66.99	tv box 	4g 	powervr g6110 	scishion 	v99 - hero 	arm cortex a53 	rk3368 	1.5ghz,octa core 		ddr3 	32g 	0.1350 kg 	13.90 x 11.00 x 3.00 cm / 5.47 x 4.33 x 1.18 inches 	dc power port,hdmi,rj45,spdif,tf card,usb2.0 	2	bluetooth4.0 	100m 	ap6255 	64bit 	32gb 	android 5.1 	
http://www.gearbest.com/tv-box-mini-pc/pp_638548.html	t6 s905x tv box 2.4ghz	$37.2	tv box 	1g ram,2g 	mali-450 			s905x 	amlogic s905x,cortex a53 	2.0ghz,quad core 		ddr3 	16g,8g rom 	0.1190 kg 	9.00 x 9.00 x 2.00 cm / 3.54 x 3.54 x 0.79 inches 	3.5mm audio,dc 5v,ethernet,hdmi,lan,reset port,tf card,usb2.0 	2	unsupport 			64bit 	64gb 	android 7.1 	ieee 802.11 b/g/n 
http://www.gearbest.com/tv-box-mini-pc/pp_636791.html	tx8 max tv box almogic s912	$85.4	tv box 	3g ram 	arm mali-t820mp3 		tx8 max 	amlogic s912 	amlogic s912,cortex a53 	2.0ghz 		ddr3 	16g,32g 	0.1670 kg 	10.30 x 10.30 x 2.50 cm / 4.06 x 4.06 x 0.98 inches 	dc power port,hdmi,lan,spdif,tf card,usb2.0 	2	bluetooth4.0 			64bit 	32gb 	android 6.0 	802.11 b/g/n/ac 
http://www.gearbest.com/tv-box-mini-pc/pp_614946.html	minix z83 - 4 windows 10 tv box + minix k1 mini keyboard	$211.21	tv box 	4g 	intel hd graphic 	minix 	z83 - 4 		intel atom x5-z8350 	quad core 	black 	ddr3l 	32g 	0.8470 kg 	12.70 x 12.70 x 2.40 cm / 5 x 5 x 0.94 inches 	3.5mm audio,dc power port,ethernet,hdmi,mini dp,tf card,usb2.0,usb3.0 	1.4				64bit 	64gb 	windows 10 	802.11 ac 
http://www.gearbest.com/tv-box-mini-pc/pp_626092.html	mxq hf10 s905x tv box	$96.55	tv box 	1g 	mali-450 	mxq 	hf10 	s905x 	amlogic s905x,arm cortex-a53 	1.5ghz,quad core 	black,white 	ddr3 	8g 	0.5700 kg 	9.10 x 9.10 x 12.80 cm / 3.58 x 3.58 x 5.04 inches 	dc power port,hdmi,rj45,sd card slot 	2	bluetooth4.0 	100m 		32bit 	128g 	android 6.0 	802.11 a/b/g/n/ac 
http://www.gearbest.com/tv-box-mini-pc/pp_487808.html	beelink mini mxiii ii tv internet box amlogic s905x quad core	$53.99	tv box 	2g ram 	mali-450 	beelink 	mini mxiii ii 	s905x 	amlogic s905x 	2.0ghz 	black 	ddr3 	32g rom 	0.1780 kg 	9.60 x 9.60 x 1.60 cm / 3.78 x 3.78 x 0.63 inches 	dc power port,hdmi,micro sd card slot,rj45,spdif,usb2.0 	2	bluetooth4.0 			64bit 		android 6.0 	802.11 a/b/g/n/ac 
http://www.gearbest.com/tv-box-mini-pc/pp_591549.html	mecool bb2 pro android 6.0 tv box 3gb ddr4 + 16gb	$73.99	tv box 	3gb 	arm mali-t820mp3 	mecool 	bb2 pro 	amlogic s912 	amlogic s912 	octa core 		ddr4 	16g 	0.2060 kg 	10.90 x 10.90 x 2.10 cm / 4.29 x 4.29 x 0.83 inches 	av,dc 5v,hdmi,rj45,spdif,tf card,usb2.0 	2	bluetooth4.0 	10/100m/1000m rgmii 		64bit 	32gb 	android 6.0 	802.11 b/g/n/ac 
http://www.gearbest.com/tv-box-mini-pc/pp_629408.html	mecool ki pro tv box	$83.99	tv box 	2g ram 	mali-450 	mecool 	ki pro 	amlogic s905d 	cortex a53 	quad core 		ddr4 	16g rom 	0.1630 kg 	13.00 x 12.00 x 3.20 cm / 5.12 x 4.72 x 1.26 inches 	dc 5v,dc power port,hdtv in,lan,optical,tf card,usb2.0 		bluetooth 4.1 	1000m 		64bit 	32gb 	android 6.0 	
http://www.gearbest.com/tv-box-mini-pc/pp_372954.html	gole gole1 5 inch 720 x 1280 mini pc windows 10 / android 5.1	$149.99	mini pc 	4g 	gen 8 graphics 		gole1 		intel cherry trail z8350 	1.84ghz,quad core 	golden 		64g 	0.2000 kg 	13.50 x 9.00 x 2.00 cm / 5.31 x 3.54 x 0.79 inches 	3.5mm audio,dc power port,ethernet,hdmi,micro usb,tf card,usb2.0,usb3.0 		bluetooth4.0 			64bit 		android 5.1,windows 10 	802.11 b/g/n/ac 
http://www.gearbest.com/tv-box-mini-pc/pp_609315.html	higole gole1 plus mini pc	$179.99	mini pc 	4g ram 	intel gen 8-lp 	higole 	gole1 plus 	intel atom x5-z8350 	intel atom x5-z8350 	quad core 		lpddr3 	128g rom,64g rom 	0.6600 kg 	19.90 x 13.60 x 2.70 cm / 7.83 x 5.35 x 1.06 inches 	3.5mm audio,dc power port,hdmi,lan,micro sd card slot,usb2.0,usb3.0 	1.4	bluetooth4.0 	100m 	no 	64bit 	128gb 	windows 10 	
http://www.gearbest.com/tv-box-mini-pc/pp_590408.html	chuwi hibox mini pc android 5.1 + window 10 dual os 64bit	$119.99	mini pc 	4g ram 	intel hd graphic 	chuwi 	hibox 	intel atom x5-z8350 		quad core 	black 	ddr3 	64g rom 	0.2000 kg 	12.00 x 12.00 x 2.50 cm / 4.72 x 4.72 x 0.98 inches 	3.5mm audio,dc power port,ethernet,hdmi,sd card slot,usb2.0,usb3.0 	1.4	bluetooth4.0 	1000m / 100m 	no 	64bit 	128gb 	android 5.1,windows 10 	802.11 a/b/g/n/ac 
