{ConfidenceFactor=0.1, MinNumObjPerLeaf=0, ReducedErrorPruning=false, Unpruned=false, MDLCorrection=true}	16.91%	87.33%	83.09%	84.02%	475.90ms
{ConfidenceFactor=0.2, MinNumObjPerLeaf=1, ReducedErrorPruning=false, Unpruned=false, MDLCorrection=true}	17.04%	87.05%	82.96%	83.71%	384.40ms
{ConfidenceFactor=0.4, MinNumObjPerLeaf=0, ReducedErrorPruning=true, Unpruned=true, MDLCorrection=true}	17.17%	87.39%	82.83%	83.83%	435.10ms
{ConfidenceFactor=0.4, MinNumObjPerLeaf=0, ReducedErrorPruning=false, Unpruned=true, MDLCorrection=true}	17.17%	87.39%	82.83%	83.83%	444.90ms
{ConfidenceFactor=0.3, MinNumObjPerLeaf=0, ReducedErrorPruning=false, Unpruned=true, MDLCorrection=true}	17.17%	87.39%	82.83%	83.83%	455.20ms
{ConfidenceFactor=0.2, MinNumObjPerLeaf=0, ReducedErrorPruning=false, Unpruned=true, MDLCorrection=true}	17.17%	87.39%	82.83%	83.83%	457.80ms
{ConfidenceFactor=0.2, MinNumObjPerLeaf=0, ReducedErrorPruning=true, Unpruned=true, MDLCorrection=true}	17.17%	87.39%	82.83%	83.83%	459.60ms
{ConfidenceFactor=0.3, MinNumObjPerLeaf=0, ReducedErrorPruning=true, Unpruned=true, MDLCorrection=true}	17.17%	87.39%	82.83%	83.83%	470.40ms
{ConfidenceFactor=0.1, MinNumObjPerLeaf=0, ReducedErrorPruning=true, Unpruned=true, MDLCorrection=true}	17.17%	87.39%	82.83%	83.83%	516.10ms
{ConfidenceFactor=0.1, MinNumObjPerLeaf=0, ReducedErrorPruning=false, Unpruned=true, MDLCorrection=true}	17.17%	87.39%	82.83%	83.83%	666.80ms
{ConfidenceFactor=0.2, MinNumObjPerLeaf=1, ReducedErrorPruning=false, Unpruned=false, MDLCorrection=false}	17.19%	87.30%	82.81%	83.73%	415.30ms
{ConfidenceFactor=0.4, MinNumObjPerLeaf=1, ReducedErrorPruning=true, Unpruned=true, MDLCorrection=true}	17.21%	87.02%	82.79%	83.56%	410.70ms
{ConfidenceFactor=0.4, MinNumObjPerLeaf=1, ReducedErrorPruning=false, Unpruned=true, MDLCorrection=true}	17.21%	87.02%	82.79%	83.56%	412.30ms
{ConfidenceFactor=0.3, MinNumObjPerLeaf=1, ReducedErrorPruning=false, Unpruned=true, MDLCorrection=true}	17.21%	87.02%	82.79%	83.56%	421.70ms
{ConfidenceFactor=0.1, MinNumObjPerLeaf=1, ReducedErrorPruning=true, Unpruned=true, MDLCorrection=true}	17.21%	87.02%	82.79%	83.56%	427.40ms
{ConfidenceFactor=0.2, MinNumObjPerLeaf=1, ReducedErrorPruning=false, Unpruned=true, MDLCorrection=true}	17.21%	87.02%	82.79%	83.56%	453.10ms
{ConfidenceFactor=0.1, MinNumObjPerLeaf=1, ReducedErrorPruning=false, Unpruned=true, MDLCorrection=true}	17.21%	87.02%	82.79%	83.56%	459.00ms
{ConfidenceFactor=0.3, MinNumObjPerLeaf=1, ReducedErrorPruning=true, Unpruned=true, MDLCorrection=true}	17.21%	87.02%	82.79%	83.56%	459.00ms
{ConfidenceFactor=0.2, MinNumObjPerLeaf=1, ReducedErrorPruning=true, Unpruned=true, MDLCorrection=true}	17.21%	87.02%	82.79%	83.56%	471.50ms
{ConfidenceFactor=0.2, MinNumObjPerLeaf=0, ReducedErrorPruning=false, Unpruned=false, MDLCorrection=true}	17.30%	87.32%	82.70%	83.69%	411.70ms
{ConfidenceFactor=0.1, MinNumObjPerLeaf=0, ReducedErrorPruning=false, Unpruned=false, MDLCorrection=false}	17.38%	87.06%	82.62%	83.50%	492.00ms
{ConfidenceFactor=0.2, MinNumObjPerLeaf=0, ReducedErrorPruning=false, Unpruned=false, MDLCorrection=false}	17.43%	87.10%	82.57%	83.56%	429.70ms
{ConfidenceFactor=0.4, MinNumObjPerLeaf=2, ReducedErrorPruning=false, Unpruned=true, MDLCorrection=true}	17.60%	86.69%	82.40%	83.30%	407.60ms
{ConfidenceFactor=0.3, MinNumObjPerLeaf=2, ReducedErrorPruning=true, Unpruned=true, MDLCorrection=true}	17.60%	86.69%	82.40%	83.30%	410.10ms
{ConfidenceFactor=0.3, MinNumObjPerLeaf=2, ReducedErrorPruning=false, Unpruned=true, MDLCorrection=true}	17.60%	86.69%	82.40%	83.30%	410.60ms
{ConfidenceFactor=0.4, MinNumObjPerLeaf=2, ReducedErrorPruning=true, Unpruned=true, MDLCorrection=true}	17.60%	86.69%	82.40%	83.30%	412.00ms
{ConfidenceFactor=0.1, MinNumObjPerLeaf=2, ReducedErrorPruning=true, Unpruned=true, MDLCorrection=true}	17.60%	86.69%	82.40%	83.30%	415.40ms
{ConfidenceFactor=0.2, MinNumObjPerLeaf=2, ReducedErrorPruning=true, Unpruned=true, MDLCorrection=true}	17.60%	86.69%	82.40%	83.30%	424.70ms
{ConfidenceFactor=0.1, MinNumObjPerLeaf=2, ReducedErrorPruning=false, Unpruned=true, MDLCorrection=true}	17.60%	86.69%	82.40%	83.30%	445.60ms
{ConfidenceFactor=0.2, MinNumObjPerLeaf=2, ReducedErrorPruning=false, Unpruned=true, MDLCorrection=true}	17.60%	86.69%	82.40%	83.30%	460.80ms
{ConfidenceFactor=0.4, MinNumObjPerLeaf=0, ReducedErrorPruning=true, Unpruned=true, MDLCorrection=false}	17.62%	87.23%	82.38%	83.53%	446.00ms
{ConfidenceFactor=0.4, MinNumObjPerLeaf=0, ReducedErrorPruning=false, Unpruned=true, MDLCorrection=false}	17.62%	87.23%	82.38%	83.53%	449.90ms
{ConfidenceFactor=0.2, MinNumObjPerLeaf=0, ReducedErrorPruning=false, Unpruned=true, MDLCorrection=false}	17.62%	87.23%	82.38%	83.53%	466.50ms
{ConfidenceFactor=0.3, MinNumObjPerLeaf=0, ReducedErrorPruning=false, Unpruned=true, MDLCorrection=false}	17.62%	87.23%	82.38%	83.53%	475.40ms
{ConfidenceFactor=0.3, MinNumObjPerLeaf=0, ReducedErrorPruning=true, Unpruned=true, MDLCorrection=false}	17.62%	87.23%	82.38%	83.53%	475.50ms
{ConfidenceFactor=0.2, MinNumObjPerLeaf=0, ReducedErrorPruning=true, Unpruned=true, MDLCorrection=false}	17.62%	87.23%	82.38%	83.53%	480.20ms
{ConfidenceFactor=0.1, MinNumObjPerLeaf=0, ReducedErrorPruning=true, Unpruned=true, MDLCorrection=false}	17.62%	87.23%	82.38%	83.53%	526.90ms
{ConfidenceFactor=0.1, MinNumObjPerLeaf=0, ReducedErrorPruning=false, Unpruned=true, MDLCorrection=false}	17.62%	87.23%	82.38%	83.53%	641.60ms
{ConfidenceFactor=0.4, MinNumObjPerLeaf=0, ReducedErrorPruning=false, Unpruned=false, MDLCorrection=true}	17.64%	87.09%	82.36%	83.35%	391.50ms
{ConfidenceFactor=0.3, MinNumObjPerLeaf=0, ReducedErrorPruning=false, Unpruned=false, MDLCorrection=true}	17.71%	87.09%	82.29%	83.30%	407.10ms
{ConfidenceFactor=0.1, MinNumObjPerLeaf=1, ReducedErrorPruning=false, Unpruned=false, MDLCorrection=false}	17.71%	87.01%	82.29%	83.18%	400.00ms
{ConfidenceFactor=0.4, MinNumObjPerLeaf=1, ReducedErrorPruning=true, Unpruned=true, MDLCorrection=false}	17.81%	86.94%	82.19%	83.07%	430.60ms
{ConfidenceFactor=0.4, MinNumObjPerLeaf=1, ReducedErrorPruning=false, Unpruned=true, MDLCorrection=false}	17.81%	86.94%	82.19%	83.07%	440.90ms
{ConfidenceFactor=0.2, MinNumObjPerLeaf=1, ReducedErrorPruning=false, Unpruned=true, MDLCorrection=false}	17.81%	86.94%	82.19%	83.07%	441.30ms
{ConfidenceFactor=0.3, MinNumObjPerLeaf=1, ReducedErrorPruning=true, Unpruned=true, MDLCorrection=false}	17.81%	86.94%	82.19%	83.07%	452.40ms
{ConfidenceFactor=0.3, MinNumObjPerLeaf=1, ReducedErrorPruning=false, Unpruned=true, MDLCorrection=false}	17.81%	86.94%	82.19%	83.07%	462.10ms
{ConfidenceFactor=0.1, MinNumObjPerLeaf=1, ReducedErrorPruning=true, Unpruned=true, MDLCorrection=false}	17.81%	86.94%	82.19%	83.07%	466.80ms
{ConfidenceFactor=0.1, MinNumObjPerLeaf=1, ReducedErrorPruning=false, Unpruned=true, MDLCorrection=false}	17.81%	86.94%	82.19%	83.07%	471.90ms
{ConfidenceFactor=0.2, MinNumObjPerLeaf=1, ReducedErrorPruning=true, Unpruned=true, MDLCorrection=false}	17.81%	86.94%	82.19%	83.07%	479.40ms
{ConfidenceFactor=0.4, MinNumObjPerLeaf=1, ReducedErrorPruning=false, Unpruned=false, MDLCorrection=true}	17.84%	87.08%	82.16%	83.19%	364.60ms
{ConfidenceFactor=0.3, MinNumObjPerLeaf=0, ReducedErrorPruning=false, Unpruned=false, MDLCorrection=false}	17.84%	86.72%	82.16%	83.02%	410.90ms
{ConfidenceFactor=0.3, MinNumObjPerLeaf=1, ReducedErrorPruning=false, Unpruned=false, MDLCorrection=true}	17.92%	87.11%	82.08%	83.16%	380.30ms
{ConfidenceFactor=0.4, MinNumObjPerLeaf=0, ReducedErrorPruning=false, Unpruned=false, MDLCorrection=false}	17.94%	86.60%	82.06%	82.94%	400.80ms
{ConfidenceFactor=0.1, MinNumObjPerLeaf=1, ReducedErrorPruning=false, Unpruned=false, MDLCorrection=true}	18.05%	86.70%	81.95%	82.97%	366.40ms
{ConfidenceFactor=0.1, MinNumObjPerLeaf=2, ReducedErrorPruning=false, Unpruned=false, MDLCorrection=false}	18.07%	86.72%	81.93%	83.06%	254.60ms
{ConfidenceFactor=0.4, MinNumObjPerLeaf=2, ReducedErrorPruning=true, Unpruned=true, MDLCorrection=false}	18.07%	86.48%	81.93%	82.92%	396.40ms
{ConfidenceFactor=0.4, MinNumObjPerLeaf=2, ReducedErrorPruning=false, Unpruned=true, MDLCorrection=false}	18.07%	86.48%	81.93%	82.92%	396.70ms
{ConfidenceFactor=0.1, MinNumObjPerLeaf=2, ReducedErrorPruning=true, Unpruned=true, MDLCorrection=false}	18.07%	86.48%	81.93%	82.92%	400.20ms
{ConfidenceFactor=0.2, MinNumObjPerLeaf=2, ReducedErrorPruning=false, Unpruned=true, MDLCorrection=false}	18.07%	86.48%	81.93%	82.92%	406.50ms
{ConfidenceFactor=0.1, MinNumObjPerLeaf=2, ReducedErrorPruning=false, Unpruned=true, MDLCorrection=false}	18.07%	86.48%	81.93%	82.92%	410.20ms
{ConfidenceFactor=0.3, MinNumObjPerLeaf=2, ReducedErrorPruning=true, Unpruned=true, MDLCorrection=false}	18.07%	86.48%	81.93%	82.92%	411.30ms
{ConfidenceFactor=0.3, MinNumObjPerLeaf=2, ReducedErrorPruning=false, Unpruned=true, MDLCorrection=false}	18.07%	86.48%	81.93%	82.92%	416.80ms
{ConfidenceFactor=0.2, MinNumObjPerLeaf=2, ReducedErrorPruning=true, Unpruned=true, MDLCorrection=false}	18.07%	86.48%	81.93%	82.92%	444.30ms
{ConfidenceFactor=0.3, MinNumObjPerLeaf=1, ReducedErrorPruning=false, Unpruned=false, MDLCorrection=false}	18.22%	87.21%	81.78%	82.80%	417.30ms
{ConfidenceFactor=0.4, MinNumObjPerLeaf=1, ReducedErrorPruning=false, Unpruned=false, MDLCorrection=false}	18.25%	87.07%	81.75%	82.74%	376.80ms
{ConfidenceFactor=0.1, MinNumObjPerLeaf=2, ReducedErrorPruning=false, Unpruned=false, MDLCorrection=true}	18.31%	86.27%	81.69%	82.58%	251.00ms
{ConfidenceFactor=0.4, MinNumObjPerLeaf=3, ReducedErrorPruning=false, Unpruned=true, MDLCorrection=true}	18.33%	85.19%	81.67%	82.14%	357.10ms
{ConfidenceFactor=0.4, MinNumObjPerLeaf=3, ReducedErrorPruning=true, Unpruned=true, MDLCorrection=true}	18.33%	85.19%	81.67%	82.14%	358.00ms
{ConfidenceFactor=0.1, MinNumObjPerLeaf=3, ReducedErrorPruning=false, Unpruned=true, MDLCorrection=true}	18.33%	85.19%	81.67%	82.14%	360.00ms
{ConfidenceFactor=0.3, MinNumObjPerLeaf=3, ReducedErrorPruning=false, Unpruned=true, MDLCorrection=true}	18.33%	85.19%	81.67%	82.14%	360.40ms
{ConfidenceFactor=0.3, MinNumObjPerLeaf=3, ReducedErrorPruning=true, Unpruned=true, MDLCorrection=true}	18.33%	85.19%	81.67%	82.14%	374.20ms
{ConfidenceFactor=0.1, MinNumObjPerLeaf=3, ReducedErrorPruning=true, Unpruned=true, MDLCorrection=true}	18.33%	85.19%	81.67%	82.14%	375.20ms
{ConfidenceFactor=0.2, MinNumObjPerLeaf=3, ReducedErrorPruning=true, Unpruned=true, MDLCorrection=true}	18.33%	85.19%	81.67%	82.14%	403.00ms
{ConfidenceFactor=0.2, MinNumObjPerLeaf=3, ReducedErrorPruning=false, Unpruned=true, MDLCorrection=true}	18.33%	85.19%	81.67%	82.14%	403.10ms
{ConfidenceFactor=0.2, MinNumObjPerLeaf=2, ReducedErrorPruning=false, Unpruned=false, MDLCorrection=false}	18.40%	86.44%	81.60%	82.52%	290.20ms
{ConfidenceFactor=0.4, MinNumObjPerLeaf=2, ReducedErrorPruning=false, Unpruned=false, MDLCorrection=false}	18.40%	85.98%	81.60%	82.56%	266.30ms
{ConfidenceFactor=0.2, MinNumObjPerLeaf=2, ReducedErrorPruning=false, Unpruned=false, MDLCorrection=true}	18.53%	85.84%	81.47%	82.36%	276.90ms
{ConfidenceFactor=0.3, MinNumObjPerLeaf=2, ReducedErrorPruning=false, Unpruned=false, MDLCorrection=true}	18.64%	86.35%	81.36%	82.29%	270.40ms
{ConfidenceFactor=0.4, MinNumObjPerLeaf=2, ReducedErrorPruning=false, Unpruned=false, MDLCorrection=true}	18.70%	86.13%	81.30%	82.17%	251.70ms
{ConfidenceFactor=0.4, MinNumObjPerLeaf=0, ReducedErrorPruning=true, Unpruned=false, MDLCorrection=true}	18.85%	84.18%	81.15%	81.64%	159.90ms
{ConfidenceFactor=0.2, MinNumObjPerLeaf=0, ReducedErrorPruning=true, Unpruned=false, MDLCorrection=true}	18.85%	84.18%	81.15%	81.64%	169.70ms
{ConfidenceFactor=0.3, MinNumObjPerLeaf=0, ReducedErrorPruning=true, Unpruned=false, MDLCorrection=true}	18.85%	84.18%	81.15%	81.64%	180.50ms
{ConfidenceFactor=0.1, MinNumObjPerLeaf=0, ReducedErrorPruning=true, Unpruned=false, MDLCorrection=true}	18.85%	84.18%	81.15%	81.64%	230.20ms
{ConfidenceFactor=0.2, MinNumObjPerLeaf=3, ReducedErrorPruning=false, Unpruned=false, MDLCorrection=true}	18.98%	85.16%	81.02%	81.47%	231.40ms
{ConfidenceFactor=0.2, MinNumObjPerLeaf=4, ReducedErrorPruning=false, Unpruned=false, MDLCorrection=true}	19.03%	84.21%	80.97%	81.14%	212.30ms
{ConfidenceFactor=0.1, MinNumObjPerLeaf=4, ReducedErrorPruning=true, Unpruned=true, MDLCorrection=true}	19.13%	85.21%	80.87%	81.75%	330.00ms
{ConfidenceFactor=0.3, MinNumObjPerLeaf=4, ReducedErrorPruning=true, Unpruned=true, MDLCorrection=true}	19.13%	85.21%	80.87%	81.75%	330.60ms
{ConfidenceFactor=0.4, MinNumObjPerLeaf=4, ReducedErrorPruning=false, Unpruned=true, MDLCorrection=true}	19.13%	85.21%	80.87%	81.75%	334.00ms
{ConfidenceFactor=0.4, MinNumObjPerLeaf=4, ReducedErrorPruning=true, Unpruned=true, MDLCorrection=true}	19.13%	85.21%	80.87%	81.75%	334.90ms
{ConfidenceFactor=0.3, MinNumObjPerLeaf=4, ReducedErrorPruning=false, Unpruned=true, MDLCorrection=true}	19.13%	85.21%	80.87%	81.75%	342.80ms
{ConfidenceFactor=0.1, MinNumObjPerLeaf=4, ReducedErrorPruning=false, Unpruned=true, MDLCorrection=true}	19.13%	85.21%	80.87%	81.75%	343.70ms
{ConfidenceFactor=0.2, MinNumObjPerLeaf=4, ReducedErrorPruning=true, Unpruned=true, MDLCorrection=true}	19.13%	85.21%	80.87%	81.75%	357.10ms
{ConfidenceFactor=0.2, MinNumObjPerLeaf=4, ReducedErrorPruning=false, Unpruned=true, MDLCorrection=true}	19.13%	85.21%	80.87%	81.75%	379.70ms
{ConfidenceFactor=0.4, MinNumObjPerLeaf=1, ReducedErrorPruning=true, Unpruned=false, MDLCorrection=true}	19.31%	84.52%	80.69%	81.25%	156.90ms
{ConfidenceFactor=0.1, MinNumObjPerLeaf=1, ReducedErrorPruning=true, Unpruned=false, MDLCorrection=true}	19.31%	84.52%	80.69%	81.25%	161.40ms
{ConfidenceFactor=0.2, MinNumObjPerLeaf=1, ReducedErrorPruning=true, Unpruned=false, MDLCorrection=true}	19.31%	84.52%	80.69%	81.25%	172.60ms
{ConfidenceFactor=0.3, MinNumObjPerLeaf=1, ReducedErrorPruning=true, Unpruned=false, MDLCorrection=true}	19.31%	84.52%	80.69%	81.25%	175.30ms
{ConfidenceFactor=0.4, MinNumObjPerLeaf=3, ReducedErrorPruning=false, Unpruned=false, MDLCorrection=true}	19.41%	85.36%	80.59%	81.31%	224.40ms
{ConfidenceFactor=0.1, MinNumObjPerLeaf=4, ReducedErrorPruning=false, Unpruned=false, MDLCorrection=true}	19.46%	85.59%	80.54%	81.21%	189.50ms
{ConfidenceFactor=0.3, MinNumObjPerLeaf=5, ReducedErrorPruning=false, Unpruned=false, MDLCorrection=true}	19.46%	83.59%	80.54%	80.60%	178.10ms
{ConfidenceFactor=0.1, MinNumObjPerLeaf=4, ReducedErrorPruning=false, Unpruned=false, MDLCorrection=false}	19.48%	83.43%	80.52%	80.68%	200.20ms
{ConfidenceFactor=0.3, MinNumObjPerLeaf=3, ReducedErrorPruning=false, Unpruned=false, MDLCorrection=true}	19.50%	85.17%	80.50%	81.16%	228.80ms
{ConfidenceFactor=0.1, MinNumObjPerLeaf=4, ReducedErrorPruning=true, Unpruned=true, MDLCorrection=false}	19.52%	84.59%	80.48%	81.21%	330.30ms
{ConfidenceFactor=0.1, MinNumObjPerLeaf=4, ReducedErrorPruning=false, Unpruned=true, MDLCorrection=false}	19.52%	84.59%	80.48%	81.21%	330.90ms
{ConfidenceFactor=0.3, MinNumObjPerLeaf=4, ReducedErrorPruning=true, Unpruned=true, MDLCorrection=false}	19.52%	84.59%	80.48%	81.21%	332.90ms
{ConfidenceFactor=0.4, MinNumObjPerLeaf=4, ReducedErrorPruning=true, Unpruned=true, MDLCorrection=false}	19.52%	84.59%	80.48%	81.21%	332.90ms
{ConfidenceFactor=0.2, MinNumObjPerLeaf=4, ReducedErrorPruning=true, Unpruned=true, MDLCorrection=false}	19.52%	84.59%	80.48%	81.21%	342.80ms
{ConfidenceFactor=0.3, MinNumObjPerLeaf=4, ReducedErrorPruning=false, Unpruned=true, MDLCorrection=false}	19.52%	84.59%	80.48%	81.21%	344.10ms
{ConfidenceFactor=0.4, MinNumObjPerLeaf=4, ReducedErrorPruning=false, Unpruned=true, MDLCorrection=false}	19.52%	84.59%	80.48%	81.21%	344.10ms
{ConfidenceFactor=0.2, MinNumObjPerLeaf=4, ReducedErrorPruning=false, Unpruned=true, MDLCorrection=false}	19.52%	84.59%	80.48%	81.21%	390.10ms
{ConfidenceFactor=0.3, MinNumObjPerLeaf=3, ReducedErrorPruning=false, Unpruned=false, MDLCorrection=false}	19.55%	85.15%	80.45%	81.14%	228.90ms
{ConfidenceFactor=0.1, MinNumObjPerLeaf=3, ReducedErrorPruning=false, Unpruned=false, MDLCorrection=true}	19.55%	84.97%	80.45%	81.03%	204.10ms
{ConfidenceFactor=0.3, MinNumObjPerLeaf=2, ReducedErrorPruning=false, Unpruned=false, MDLCorrection=false}	19.61%	85.73%	80.39%	81.42%	285.60ms
{ConfidenceFactor=0.4, MinNumObjPerLeaf=3, ReducedErrorPruning=false, Unpruned=true, MDLCorrection=false}	19.65%	84.99%	80.35%	81.24%	364.80ms
{ConfidenceFactor=0.3, MinNumObjPerLeaf=3, ReducedErrorPruning=false, Unpruned=true, MDLCorrection=false}	19.65%	84.99%	80.35%	81.24%	367.50ms
{ConfidenceFactor=0.1, MinNumObjPerLeaf=3, ReducedErrorPruning=false, Unpruned=true, MDLCorrection=false}	19.65%	84.99%	80.35%	81.24%	368.80ms
{ConfidenceFactor=0.3, MinNumObjPerLeaf=3, ReducedErrorPruning=true, Unpruned=true, MDLCorrection=false}	19.65%	84.99%	80.35%	81.24%	370.20ms
{ConfidenceFactor=0.4, MinNumObjPerLeaf=3, ReducedErrorPruning=true, Unpruned=true, MDLCorrection=false}	19.65%	84.99%	80.35%	81.24%	370.90ms
{ConfidenceFactor=0.1, MinNumObjPerLeaf=3, ReducedErrorPruning=true, Unpruned=true, MDLCorrection=false}	19.65%	84.99%	80.35%	81.24%	382.70ms
{ConfidenceFactor=0.2, MinNumObjPerLeaf=3, ReducedErrorPruning=true, Unpruned=true, MDLCorrection=false}	19.65%	84.99%	80.35%	81.24%	406.80ms
{ConfidenceFactor=0.2, MinNumObjPerLeaf=3, ReducedErrorPruning=false, Unpruned=true, MDLCorrection=false}	19.65%	84.99%	80.35%	81.24%	411.90ms
{ConfidenceFactor=0.3, MinNumObjPerLeaf=4, ReducedErrorPruning=false, Unpruned=false, MDLCorrection=true}	19.70%	84.19%	80.30%	80.51%	221.20ms
{ConfidenceFactor=0.4, MinNumObjPerLeaf=4, ReducedErrorPruning=false, Unpruned=false, MDLCorrection=true}	19.76%	84.26%	80.24%	80.51%	195.70ms
{ConfidenceFactor=0.2, MinNumObjPerLeaf=7, ReducedErrorPruning=false, Unpruned=false, MDLCorrection=true}	19.85%	83.28%	80.15%	80.04%	159.80ms
{ConfidenceFactor=0.1, MinNumObjPerLeaf=8, ReducedErrorPruning=false, Unpruned=false, MDLCorrection=true}	19.93%	82.30%	80.07%	79.80%	143.00ms
{ConfidenceFactor=0.4, MinNumObjPerLeaf=1, ReducedErrorPruning=true, Unpruned=false, MDLCorrection=false}	20.13%	84.35%	79.87%	80.48%	154.00ms
{ConfidenceFactor=0.3, MinNumObjPerLeaf=1, ReducedErrorPruning=true, Unpruned=false, MDLCorrection=false}	20.13%	84.35%	79.87%	80.48%	157.90ms
{ConfidenceFactor=0.2, MinNumObjPerLeaf=1, ReducedErrorPruning=true, Unpruned=false, MDLCorrection=false}	20.13%	84.35%	79.87%	80.48%	160.10ms
{ConfidenceFactor=0.1, MinNumObjPerLeaf=1, ReducedErrorPruning=true, Unpruned=false, MDLCorrection=false}	20.13%	84.35%	79.87%	80.48%	173.10ms
{ConfidenceFactor=0.2, MinNumObjPerLeaf=3, ReducedErrorPruning=false, Unpruned=false, MDLCorrection=false}	20.19%	85.20%	79.81%	80.63%	227.80ms
{ConfidenceFactor=0.2, MinNumObjPerLeaf=4, ReducedErrorPruning=false, Unpruned=false, MDLCorrection=false}	20.19%	84.64%	79.81%	80.53%	209.40ms
{ConfidenceFactor=0.1, MinNumObjPerLeaf=5, ReducedErrorPruning=false, Unpruned=true, MDLCorrection=false}	20.24%	84.57%	79.76%	80.63%	306.20ms
{ConfidenceFactor=0.1, MinNumObjPerLeaf=5, ReducedErrorPruning=true, Unpruned=true, MDLCorrection=false}	20.24%	84.57%	79.76%	80.63%	309.20ms
{ConfidenceFactor=0.4, MinNumObjPerLeaf=5, ReducedErrorPruning=true, Unpruned=true, MDLCorrection=false}	20.24%	84.57%	79.76%	80.63%	309.20ms
{ConfidenceFactor=0.4, MinNumObjPerLeaf=5, ReducedErrorPruning=false, Unpruned=true, MDLCorrection=false}	20.24%	84.57%	79.76%	80.63%	321.00ms
{ConfidenceFactor=0.3, MinNumObjPerLeaf=5, ReducedErrorPruning=false, Unpruned=true, MDLCorrection=false}	20.24%	84.57%	79.76%	80.63%	323.20ms
{ConfidenceFactor=0.3, MinNumObjPerLeaf=5, ReducedErrorPruning=true, Unpruned=true, MDLCorrection=false}	20.24%	84.57%	79.76%	80.63%	325.00ms
{ConfidenceFactor=0.2, MinNumObjPerLeaf=5, ReducedErrorPruning=true, Unpruned=true, MDLCorrection=false}	20.24%	84.57%	79.76%	80.63%	327.70ms
{ConfidenceFactor=0.2, MinNumObjPerLeaf=5, ReducedErrorPruning=false, Unpruned=true, MDLCorrection=false}	20.24%	84.57%	79.76%	80.63%	357.80ms
{ConfidenceFactor=0.4, MinNumObjPerLeaf=6, ReducedErrorPruning=false, Unpruned=false, MDLCorrection=true}	20.24%	84.52%	79.76%	80.39%	161.00ms
{ConfidenceFactor=0.3, MinNumObjPerLeaf=4, ReducedErrorPruning=false, Unpruned=false, MDLCorrection=false}	20.30%	84.80%	79.70%	80.52%	212.50ms
{ConfidenceFactor=0.2, MinNumObjPerLeaf=0, ReducedErrorPruning=true, Unpruned=false, MDLCorrection=false}	20.30%	84.17%	79.70%	80.36%	177.40ms
{ConfidenceFactor=0.4, MinNumObjPerLeaf=0, ReducedErrorPruning=true, Unpruned=false, MDLCorrection=false}	20.30%	84.17%	79.70%	80.36%	178.70ms
{ConfidenceFactor=0.3, MinNumObjPerLeaf=0, ReducedErrorPruning=true, Unpruned=false, MDLCorrection=false}	20.30%	84.17%	79.70%	80.36%	179.30ms
{ConfidenceFactor=0.1, MinNumObjPerLeaf=0, ReducedErrorPruning=true, Unpruned=false, MDLCorrection=false}	20.30%	84.17%	79.70%	80.36%	284.60ms
{ConfidenceFactor=0.4, MinNumObjPerLeaf=3, ReducedErrorPruning=true, Unpruned=false, MDLCorrection=false}	20.37%	82.58%	79.63%	79.56%	113.50ms
{ConfidenceFactor=0.3, MinNumObjPerLeaf=3, ReducedErrorPruning=true, Unpruned=false, MDLCorrection=false}	20.37%	82.58%	79.63%	79.56%	115.60ms
{ConfidenceFactor=0.1, MinNumObjPerLeaf=3, ReducedErrorPruning=true, Unpruned=false, MDLCorrection=false}	20.37%	82.58%	79.63%	79.56%	116.50ms
{ConfidenceFactor=0.2, MinNumObjPerLeaf=3, ReducedErrorPruning=true, Unpruned=false, MDLCorrection=false}	20.37%	82.58%	79.63%	79.56%	121.40ms
{ConfidenceFactor=0.4, MinNumObjPerLeaf=4, ReducedErrorPruning=false, Unpruned=false, MDLCorrection=false}	20.39%	84.94%	79.61%	80.48%	194.90ms
{ConfidenceFactor=0.2, MinNumObjPerLeaf=2, ReducedErrorPruning=true, Unpruned=false, MDLCorrection=true}	20.39%	83.60%	79.61%	80.22%	126.70ms
{ConfidenceFactor=0.4, MinNumObjPerLeaf=2, ReducedErrorPruning=true, Unpruned=false, MDLCorrection=true}	20.39%	83.60%	79.61%	80.22%	132.10ms
{ConfidenceFactor=0.3, MinNumObjPerLeaf=2, ReducedErrorPruning=true, Unpruned=false, MDLCorrection=true}	20.39%	83.60%	79.61%	80.22%	137.20ms
{ConfidenceFactor=0.1, MinNumObjPerLeaf=2, ReducedErrorPruning=true, Unpruned=false, MDLCorrection=true}	20.39%	83.60%	79.61%	80.22%	147.00ms
{ConfidenceFactor=0.3, MinNumObjPerLeaf=8, ReducedErrorPruning=false, Unpruned=false, MDLCorrection=true}	20.39%	83.44%	79.61%	79.97%	137.50ms
{ConfidenceFactor=0.1, MinNumObjPerLeaf=3, ReducedErrorPruning=false, Unpruned=false, MDLCorrection=false}	20.41%	84.73%	79.59%	80.33%	193.40ms
{ConfidenceFactor=0.1, MinNumObjPerLeaf=5, ReducedErrorPruning=true, Unpruned=true, MDLCorrection=true}	20.48%	84.04%	79.52%	80.13%	299.10ms
{ConfidenceFactor=0.4, MinNumObjPerLeaf=5, ReducedErrorPruning=false, Unpruned=true, MDLCorrection=true}	20.48%	84.04%	79.52%	80.13%	305.30ms
{ConfidenceFactor=0.4, MinNumObjPerLeaf=5, ReducedErrorPruning=true, Unpruned=true, MDLCorrection=true}	20.48%	84.04%	79.52%	80.13%	307.50ms
{ConfidenceFactor=0.1, MinNumObjPerLeaf=5, ReducedErrorPruning=false, Unpruned=true, MDLCorrection=true}	20.48%	84.04%	79.52%	80.13%	310.00ms
{ConfidenceFactor=0.2, MinNumObjPerLeaf=5, ReducedErrorPruning=true, Unpruned=true, MDLCorrection=true}	20.48%	84.04%	79.52%	80.13%	322.50ms
{ConfidenceFactor=0.3, MinNumObjPerLeaf=5, ReducedErrorPruning=false, Unpruned=true, MDLCorrection=true}	20.48%	84.04%	79.52%	80.13%	324.90ms
{ConfidenceFactor=0.2, MinNumObjPerLeaf=5, ReducedErrorPruning=false, Unpruned=true, MDLCorrection=true}	20.48%	84.04%	79.52%	80.13%	327.50ms
{ConfidenceFactor=0.3, MinNumObjPerLeaf=5, ReducedErrorPruning=true, Unpruned=true, MDLCorrection=true}	20.48%	84.04%	79.52%	80.13%	328.60ms
{ConfidenceFactor=0.1, MinNumObjPerLeaf=8, ReducedErrorPruning=false, Unpruned=false, MDLCorrection=false}	20.52%	83.02%	79.48%	79.71%	147.40ms
{ConfidenceFactor=0.4, MinNumObjPerLeaf=3, ReducedErrorPruning=false, Unpruned=false, MDLCorrection=false}	20.65%	85.15%	79.35%	79.87%	229.00ms
{ConfidenceFactor=0.4, MinNumObjPerLeaf=5, ReducedErrorPruning=false, Unpruned=false, MDLCorrection=true}	20.71%	83.43%	79.29%	79.60%	180.70ms
{ConfidenceFactor=0.2, MinNumObjPerLeaf=5, ReducedErrorPruning=false, Unpruned=false, MDLCorrection=true}	20.76%	83.36%	79.24%	79.61%	174.40ms
{ConfidenceFactor=0.1, MinNumObjPerLeaf=5, ReducedErrorPruning=false, Unpruned=false, MDLCorrection=true}	20.80%	83.30%	79.20%	79.56%	158.20ms
{ConfidenceFactor=0.3, MinNumObjPerLeaf=5, ReducedErrorPruning=false, Unpruned=false, MDLCorrection=false}	20.86%	83.77%	79.14%	79.62%	178.40ms
{ConfidenceFactor=0.3, MinNumObjPerLeaf=6, ReducedErrorPruning=false, Unpruned=false, MDLCorrection=true}	20.97%	83.14%	79.03%	79.59%	165.80ms
{ConfidenceFactor=0.3, MinNumObjPerLeaf=8, ReducedErrorPruning=false, Unpruned=false, MDLCorrection=false}	21.00%	83.10%	79.00%	79.30%	135.10ms
{ConfidenceFactor=0.1, MinNumObjPerLeaf=6, ReducedErrorPruning=false, Unpruned=false, MDLCorrection=true}	21.02%	83.42%	78.98%	79.31%	148.10ms
{ConfidenceFactor=0.1, MinNumObjPerLeaf=4, ReducedErrorPruning=true, Unpruned=false, MDLCorrection=true}	21.15%	82.03%	78.85%	78.87%	94.10ms
{ConfidenceFactor=0.4, MinNumObjPerLeaf=4, ReducedErrorPruning=true, Unpruned=false, MDLCorrection=true}	21.15%	82.03%	78.85%	78.87%	98.40ms
{ConfidenceFactor=0.3, MinNumObjPerLeaf=4, ReducedErrorPruning=true, Unpruned=false, MDLCorrection=true}	21.15%	82.03%	78.85%	78.87%	100.00ms
{ConfidenceFactor=0.2, MinNumObjPerLeaf=4, ReducedErrorPruning=true, Unpruned=false, MDLCorrection=true}	21.15%	82.03%	78.85%	78.87%	118.40ms
{ConfidenceFactor=0.4, MinNumObjPerLeaf=5, ReducedErrorPruning=false, Unpruned=false, MDLCorrection=false}	21.19%	83.80%	78.81%	79.23%	176.10ms
{ConfidenceFactor=0.2, MinNumObjPerLeaf=6, ReducedErrorPruning=false, Unpruned=false, MDLCorrection=true}	21.19%	82.58%	78.81%	78.88%	151.60ms
{ConfidenceFactor=0.3, MinNumObjPerLeaf=2, ReducedErrorPruning=true, Unpruned=false, MDLCorrection=false}	21.21%	83.03%	78.79%	79.37%	125.10ms
{ConfidenceFactor=0.4, MinNumObjPerLeaf=2, ReducedErrorPruning=true, Unpruned=false, MDLCorrection=false}	21.21%	83.03%	78.79%	79.37%	128.40ms
{ConfidenceFactor=0.2, MinNumObjPerLeaf=2, ReducedErrorPruning=true, Unpruned=false, MDLCorrection=false}	21.21%	83.03%	78.79%	79.37%	128.90ms
{ConfidenceFactor=0.1, MinNumObjPerLeaf=2, ReducedErrorPruning=true, Unpruned=false, MDLCorrection=false}	21.21%	83.03%	78.79%	79.37%	155.70ms
{ConfidenceFactor=0.4, MinNumObjPerLeaf=6, ReducedErrorPruning=true, Unpruned=true, MDLCorrection=false}	21.26%	83.86%	78.74%	79.52%	290.80ms
{ConfidenceFactor=0.4, MinNumObjPerLeaf=6, ReducedErrorPruning=false, Unpruned=true, MDLCorrection=false}	21.26%	83.86%	78.74%	79.52%	292.90ms
{ConfidenceFactor=0.1, MinNumObjPerLeaf=6, ReducedErrorPruning=false, Unpruned=true, MDLCorrection=false}	21.26%	83.86%	78.74%	79.52%	294.10ms
{ConfidenceFactor=0.2, MinNumObjPerLeaf=6, ReducedErrorPruning=false, Unpruned=true, MDLCorrection=false}	21.26%	83.86%	78.74%	79.52%	300.80ms
{ConfidenceFactor=0.1, MinNumObjPerLeaf=6, ReducedErrorPruning=true, Unpruned=true, MDLCorrection=false}	21.26%	83.86%	78.74%	79.52%	309.80ms
{ConfidenceFactor=0.2, MinNumObjPerLeaf=6, ReducedErrorPruning=true, Unpruned=true, MDLCorrection=false}	21.26%	83.86%	78.74%	79.52%	314.40ms
{ConfidenceFactor=0.3, MinNumObjPerLeaf=6, ReducedErrorPruning=true, Unpruned=true, MDLCorrection=false}	21.26%	83.86%	78.74%	79.52%	320.50ms
{ConfidenceFactor=0.3, MinNumObjPerLeaf=6, ReducedErrorPruning=false, Unpruned=true, MDLCorrection=false}	21.26%	83.86%	78.74%	79.52%	336.90ms
{ConfidenceFactor=0.1, MinNumObjPerLeaf=5, ReducedErrorPruning=false, Unpruned=false, MDLCorrection=false}	21.28%	83.55%	78.72%	79.05%	156.70ms
{ConfidenceFactor=0.4, MinNumObjPerLeaf=8, ReducedErrorPruning=false, Unpruned=false, MDLCorrection=true}	21.32%	82.67%	78.68%	78.86%	139.50ms
{ConfidenceFactor=0.4, MinNumObjPerLeaf=6, ReducedErrorPruning=false, Unpruned=true, MDLCorrection=true}	21.34%	84.11%	78.66%	79.46%	282.50ms
{ConfidenceFactor=0.4, MinNumObjPerLeaf=6, ReducedErrorPruning=true, Unpruned=true, MDLCorrection=true}	21.34%	84.11%	78.66%	79.46%	283.90ms
{ConfidenceFactor=0.2, MinNumObjPerLeaf=6, ReducedErrorPruning=false, Unpruned=true, MDLCorrection=true}	21.34%	84.11%	78.66%	79.46%	288.30ms
{ConfidenceFactor=0.2, MinNumObjPerLeaf=6, ReducedErrorPruning=true, Unpruned=true, MDLCorrection=true}	21.34%	84.11%	78.66%	79.46%	293.30ms
{ConfidenceFactor=0.1, MinNumObjPerLeaf=6, ReducedErrorPruning=false, Unpruned=true, MDLCorrection=true}	21.34%	84.11%	78.66%	79.46%	295.20ms
{ConfidenceFactor=0.1, MinNumObjPerLeaf=6, ReducedErrorPruning=true, Unpruned=true, MDLCorrection=true}	21.34%	84.11%	78.66%	79.46%	297.80ms
{ConfidenceFactor=0.3, MinNumObjPerLeaf=6, ReducedErrorPruning=true, Unpruned=true, MDLCorrection=true}	21.34%	84.11%	78.66%	79.46%	299.00ms
{ConfidenceFactor=0.3, MinNumObjPerLeaf=6, ReducedErrorPruning=false, Unpruned=true, MDLCorrection=true}	21.34%	84.11%	78.66%	79.46%	308.50ms
{ConfidenceFactor=0.3, MinNumObjPerLeaf=6, ReducedErrorPruning=false, Unpruned=false, MDLCorrection=false}	21.34%	83.21%	78.66%	78.98%	161.00ms
{ConfidenceFactor=0.2, MinNumObjPerLeaf=5, ReducedErrorPruning=false, Unpruned=false, MDLCorrection=false}	21.36%	83.50%	78.64%	78.99%	179.70ms
{ConfidenceFactor=0.3, MinNumObjPerLeaf=9, ReducedErrorPruning=false, Unpruned=false, MDLCorrection=true}	21.45%	81.80%	78.55%	78.50%	133.60ms
{ConfidenceFactor=0.4, MinNumObjPerLeaf=10, ReducedErrorPruning=false, Unpruned=false, MDLCorrection=false}	21.47%	81.77%	78.53%	78.58%	122.90ms
{ConfidenceFactor=0.4, MinNumObjPerLeaf=6, ReducedErrorPruning=false, Unpruned=false, MDLCorrection=false}	21.52%	83.07%	78.48%	78.92%	157.70ms
{ConfidenceFactor=0.3, MinNumObjPerLeaf=7, ReducedErrorPruning=false, Unpruned=false, MDLCorrection=true}	21.56%	82.98%	78.44%	78.69%	138.70ms
{ConfidenceFactor=0.1, MinNumObjPerLeaf=3, ReducedErrorPruning=true, Unpruned=false, MDLCorrection=true}	21.58%	82.61%	78.42%	78.74%	113.50ms
{ConfidenceFactor=0.4, MinNumObjPerLeaf=3, ReducedErrorPruning=true, Unpruned=false, MDLCorrection=true}	21.58%	82.61%	78.42%	78.74%	114.40ms
{ConfidenceFactor=0.3, MinNumObjPerLeaf=3, ReducedErrorPruning=true, Unpruned=false, MDLCorrection=true}	21.58%	82.61%	78.42%	78.74%	115.00ms
{ConfidenceFactor=0.2, MinNumObjPerLeaf=3, ReducedErrorPruning=true, Unpruned=false, MDLCorrection=true}	21.58%	82.61%	78.42%	78.74%	132.90ms
{ConfidenceFactor=0.4, MinNumObjPerLeaf=8, ReducedErrorPruning=false, Unpruned=false, MDLCorrection=false}	21.58%	81.70%	78.42%	78.34%	138.30ms
{ConfidenceFactor=0.2, MinNumObjPerLeaf=6, ReducedErrorPruning=false, Unpruned=false, MDLCorrection=false}	21.60%	83.63%	78.40%	78.72%	154.00ms
{ConfidenceFactor=0.1, MinNumObjPerLeaf=6, ReducedErrorPruning=false, Unpruned=false, MDLCorrection=false}	21.62%	83.09%	78.38%	78.62%	143.10ms
{ConfidenceFactor=0.3, MinNumObjPerLeaf=7, ReducedErrorPruning=false, Unpruned=false, MDLCorrection=false}	21.64%	84.17%	78.36%	78.77%	140.60ms
{ConfidenceFactor=0.1, MinNumObjPerLeaf=7, ReducedErrorPruning=false, Unpruned=false, MDLCorrection=true}	21.64%	83.65%	78.36%	78.63%	149.30ms
{ConfidenceFactor=0.2, MinNumObjPerLeaf=8, ReducedErrorPruning=false, Unpruned=false, MDLCorrection=true}	21.64%	82.41%	78.36%	78.57%	131.90ms
{ConfidenceFactor=0.3, MinNumObjPerLeaf=10, ReducedErrorPruning=false, Unpruned=false, MDLCorrection=true}	21.73%	81.81%	78.27%	78.23%	115.30ms
{ConfidenceFactor=0.4, MinNumObjPerLeaf=7, ReducedErrorPruning=false, Unpruned=false, MDLCorrection=true}	21.77%	82.40%	78.23%	78.65%	149.20ms
{ConfidenceFactor=0.1, MinNumObjPerLeaf=4, ReducedErrorPruning=true, Unpruned=false, MDLCorrection=false}	21.78%	82.25%	78.22%	78.52%	98.10ms
{ConfidenceFactor=0.3, MinNumObjPerLeaf=4, ReducedErrorPruning=true, Unpruned=false, MDLCorrection=false}	21.78%	82.25%	78.22%	78.52%	100.20ms
{ConfidenceFactor=0.4, MinNumObjPerLeaf=4, ReducedErrorPruning=true, Unpruned=false, MDLCorrection=false}	21.78%	82.25%	78.22%	78.52%	103.00ms
{ConfidenceFactor=0.2, MinNumObjPerLeaf=4, ReducedErrorPruning=true, Unpruned=false, MDLCorrection=false}	21.78%	82.25%	78.22%	78.52%	115.90ms
{ConfidenceFactor=0.2, MinNumObjPerLeaf=8, ReducedErrorPruning=false, Unpruned=false, MDLCorrection=false}	21.78%	81.80%	78.22%	78.25%	136.50ms
{ConfidenceFactor=0.4, MinNumObjPerLeaf=9, ReducedErrorPruning=false, Unpruned=false, MDLCorrection=false}	21.82%	81.76%	78.18%	78.14%	132.10ms
{ConfidenceFactor=0.2, MinNumObjPerLeaf=10, ReducedErrorPruning=false, Unpruned=false, MDLCorrection=true}	21.90%	81.75%	78.10%	78.17%	121.70ms
{ConfidenceFactor=0.2, MinNumObjPerLeaf=7, ReducedErrorPruning=false, Unpruned=false, MDLCorrection=false}	21.93%	82.67%	78.07%	78.43%	157.00ms
{ConfidenceFactor=0.1, MinNumObjPerLeaf=9, ReducedErrorPruning=false, Unpruned=false, MDLCorrection=false}	21.93%	82.42%	78.07%	78.27%	125.00ms
{ConfidenceFactor=0.1, MinNumObjPerLeaf=10, ReducedErrorPruning=false, Unpruned=false, MDLCorrection=false}	21.93%	81.55%	78.07%	78.03%	117.40ms
{ConfidenceFactor=0.1, MinNumObjPerLeaf=10, ReducedErrorPruning=false, Unpruned=false, MDLCorrection=true}	21.95%	81.43%	78.05%	77.99%	119.30ms
{ConfidenceFactor=0.2, MinNumObjPerLeaf=9, ReducedErrorPruning=false, Unpruned=false, MDLCorrection=true}	21.97%	81.51%	78.03%	77.99%	133.60ms
{ConfidenceFactor=0.4, MinNumObjPerLeaf=8, ReducedErrorPruning=false, Unpruned=true, MDLCorrection=true}	22.01%	82.96%	77.99%	78.51%	253.10ms
{ConfidenceFactor=0.4, MinNumObjPerLeaf=8, ReducedErrorPruning=true, Unpruned=true, MDLCorrection=true}	22.01%	82.96%	77.99%	78.51%	254.70ms
{ConfidenceFactor=0.3, MinNumObjPerLeaf=8, ReducedErrorPruning=true, Unpruned=true, MDLCorrection=true}	22.01%	82.96%	77.99%	78.51%	256.40ms
{ConfidenceFactor=0.1, MinNumObjPerLeaf=8, ReducedErrorPruning=false, Unpruned=true, MDLCorrection=true}	22.01%	82.96%	77.99%	78.51%	257.80ms
{ConfidenceFactor=0.3, MinNumObjPerLeaf=8, ReducedErrorPruning=false, Unpruned=true, MDLCorrection=true}	22.01%	82.96%	77.99%	78.51%	260.50ms
{ConfidenceFactor=0.2, MinNumObjPerLeaf=8, ReducedErrorPruning=true, Unpruned=true, MDLCorrection=true}	22.01%	82.96%	77.99%	78.51%	261.10ms
{ConfidenceFactor=0.2, MinNumObjPerLeaf=8, ReducedErrorPruning=false, Unpruned=true, MDLCorrection=true}	22.01%	82.96%	77.99%	78.51%	270.40ms
{ConfidenceFactor=0.1, MinNumObjPerLeaf=8, ReducedErrorPruning=true, Unpruned=true, MDLCorrection=true}	22.01%	82.96%	77.99%	78.51%	270.60ms
{ConfidenceFactor=0.4, MinNumObjPerLeaf=9, ReducedErrorPruning=false, Unpruned=false, MDLCorrection=true}	22.03%	81.30%	77.97%	78.09%	130.10ms
{ConfidenceFactor=0.4, MinNumObjPerLeaf=8, ReducedErrorPruning=true, Unpruned=true, MDLCorrection=false}	22.04%	83.35%	77.96%	78.63%	260.00ms
{ConfidenceFactor=0.2, MinNumObjPerLeaf=8, ReducedErrorPruning=false, Unpruned=true, MDLCorrection=false}	22.04%	83.35%	77.96%	78.63%	260.60ms
{ConfidenceFactor=0.3, MinNumObjPerLeaf=8, ReducedErrorPruning=false, Unpruned=true, MDLCorrection=false}	22.04%	83.35%	77.96%	78.63%	261.10ms
{ConfidenceFactor=0.2, MinNumObjPerLeaf=8, ReducedErrorPruning=true, Unpruned=true, MDLCorrection=false}	22.04%	83.35%	77.96%	78.63%	262.50ms
{ConfidenceFactor=0.4, MinNumObjPerLeaf=8, ReducedErrorPruning=false, Unpruned=true, MDLCorrection=false}	22.04%	83.35%	77.96%	78.63%	264.90ms
{ConfidenceFactor=0.1, MinNumObjPerLeaf=8, ReducedErrorPruning=true, Unpruned=true, MDLCorrection=false}	22.04%	83.35%	77.96%	78.63%	266.20ms
{ConfidenceFactor=0.3, MinNumObjPerLeaf=8, ReducedErrorPruning=true, Unpruned=true, MDLCorrection=false}	22.04%	83.35%	77.96%	78.63%	267.40ms
{ConfidenceFactor=0.1, MinNumObjPerLeaf=8, ReducedErrorPruning=false, Unpruned=true, MDLCorrection=false}	22.04%	83.35%	77.96%	78.63%	280.80ms
{ConfidenceFactor=0.4, MinNumObjPerLeaf=7, ReducedErrorPruning=false, Unpruned=false, MDLCorrection=false}	22.06%	82.63%	77.94%	78.23%	157.00ms
{ConfidenceFactor=0.2, MinNumObjPerLeaf=7, ReducedErrorPruning=true, Unpruned=true, MDLCorrection=true}	22.12%	83.20%	77.88%	78.45%	266.20ms
{ConfidenceFactor=0.4, MinNumObjPerLeaf=7, ReducedErrorPruning=false, Unpruned=true, MDLCorrection=true}	22.12%	83.20%	77.88%	78.45%	267.40ms
{ConfidenceFactor=0.4, MinNumObjPerLeaf=7, ReducedErrorPruning=true, Unpruned=true, MDLCorrection=true}	22.12%	83.20%	77.88%	78.45%	267.70ms
{ConfidenceFactor=0.2, MinNumObjPerLeaf=7, ReducedErrorPruning=false, Unpruned=true, MDLCorrection=true}	22.12%	83.20%	77.88%	78.45%	268.70ms
{ConfidenceFactor=0.1, MinNumObjPerLeaf=7, ReducedErrorPruning=true, Unpruned=true, MDLCorrection=true}	22.12%	83.20%	77.88%	78.45%	272.70ms
{ConfidenceFactor=0.3, MinNumObjPerLeaf=7, ReducedErrorPruning=true, Unpruned=true, MDLCorrection=true}	22.12%	83.20%	77.88%	78.45%	274.70ms
{ConfidenceFactor=0.1, MinNumObjPerLeaf=7, ReducedErrorPruning=false, Unpruned=true, MDLCorrection=true}	22.12%	83.20%	77.88%	78.45%	277.90ms
{ConfidenceFactor=0.3, MinNumObjPerLeaf=7, ReducedErrorPruning=false, Unpruned=true, MDLCorrection=true}	22.12%	83.20%	77.88%	78.45%	283.90ms
{ConfidenceFactor=0.4, MinNumObjPerLeaf=10, ReducedErrorPruning=false, Unpruned=false, MDLCorrection=true}	22.12%	81.32%	77.88%	77.93%	122.60ms
{ConfidenceFactor=0.1, MinNumObjPerLeaf=7, ReducedErrorPruning=false, Unpruned=false, MDLCorrection=false}	22.25%	82.30%	77.75%	77.92%	144.40ms
{ConfidenceFactor=0.3, MinNumObjPerLeaf=9, ReducedErrorPruning=false, Unpruned=false, MDLCorrection=false}	22.25%	80.98%	77.75%	77.79%	126.00ms
{ConfidenceFactor=0.4, MinNumObjPerLeaf=10, ReducedErrorPruning=true, Unpruned=true, MDLCorrection=true}	22.27%	81.91%	77.73%	77.98%	235.50ms
{ConfidenceFactor=0.4, MinNumObjPerLeaf=10, ReducedErrorPruning=false, Unpruned=true, MDLCorrection=true}	22.27%	81.91%	77.73%	77.98%	237.70ms
{ConfidenceFactor=0.1, MinNumObjPerLeaf=10, ReducedErrorPruning=false, Unpruned=true, MDLCorrection=true}	22.27%	81.91%	77.73%	77.98%	242.20ms
{ConfidenceFactor=0.3, MinNumObjPerLeaf=10, ReducedErrorPruning=true, Unpruned=true, MDLCorrection=true}	22.27%	81.91%	77.73%	77.98%	244.80ms
{ConfidenceFactor=0.3, MinNumObjPerLeaf=10, ReducedErrorPruning=false, Unpruned=true, MDLCorrection=true}	22.27%	81.91%	77.73%	77.98%	247.70ms
{ConfidenceFactor=0.2, MinNumObjPerLeaf=10, ReducedErrorPruning=true, Unpruned=true, MDLCorrection=true}	22.27%	81.91%	77.73%	77.98%	254.70ms
{ConfidenceFactor=0.2, MinNumObjPerLeaf=10, ReducedErrorPruning=false, Unpruned=true, MDLCorrection=true}	22.27%	81.91%	77.73%	77.98%	254.90ms
{ConfidenceFactor=0.1, MinNumObjPerLeaf=10, ReducedErrorPruning=true, Unpruned=true, MDLCorrection=true}	22.27%	81.91%	77.73%	77.98%	257.00ms
{ConfidenceFactor=0.4, MinNumObjPerLeaf=9, ReducedErrorPruning=true, Unpruned=true, MDLCorrection=true}	22.27%	81.73%	77.73%	78.13%	244.60ms
{ConfidenceFactor=0.3, MinNumObjPerLeaf=9, ReducedErrorPruning=true, Unpruned=true, MDLCorrection=true}	22.27%	81.73%	77.73%	78.13%	246.80ms
{ConfidenceFactor=0.4, MinNumObjPerLeaf=9, ReducedErrorPruning=false, Unpruned=true, MDLCorrection=true}	22.27%	81.73%	77.73%	78.13%	249.70ms
{ConfidenceFactor=0.1, MinNumObjPerLeaf=9, ReducedErrorPruning=true, Unpruned=true, MDLCorrection=true}	22.27%	81.73%	77.73%	78.13%	251.40ms
{ConfidenceFactor=0.3, MinNumObjPerLeaf=9, ReducedErrorPruning=false, Unpruned=true, MDLCorrection=true}	22.27%	81.73%	77.73%	78.13%	252.20ms
{ConfidenceFactor=0.2, MinNumObjPerLeaf=9, ReducedErrorPruning=true, Unpruned=true, MDLCorrection=true}	22.27%	81.73%	77.73%	78.13%	260.40ms
{ConfidenceFactor=0.1, MinNumObjPerLeaf=9, ReducedErrorPruning=false, Unpruned=true, MDLCorrection=true}	22.27%	81.73%	77.73%	78.13%	262.10ms
{ConfidenceFactor=0.2, MinNumObjPerLeaf=9, ReducedErrorPruning=false, Unpruned=true, MDLCorrection=true}	22.27%	81.73%	77.73%	78.13%	263.40ms
{ConfidenceFactor=0.1, MinNumObjPerLeaf=9, ReducedErrorPruning=false, Unpruned=false, MDLCorrection=true}	22.27%	81.28%	77.73%	77.70%	128.30ms
{ConfidenceFactor=0.4, MinNumObjPerLeaf=10, ReducedErrorPruning=true, Unpruned=true, MDLCorrection=false}	22.30%	82.42%	77.70%	78.06%	226.60ms
{ConfidenceFactor=0.1, MinNumObjPerLeaf=10, ReducedErrorPruning=false, Unpruned=true, MDLCorrection=false}	22.30%	82.42%	77.70%	78.06%	229.60ms
{ConfidenceFactor=0.1, MinNumObjPerLeaf=10, ReducedErrorPruning=true, Unpruned=true, MDLCorrection=false}	22.30%	82.42%	77.70%	78.06%	230.40ms
{ConfidenceFactor=0.3, MinNumObjPerLeaf=10, ReducedErrorPruning=false, Unpruned=true, MDLCorrection=false}	22.30%	82.42%	77.70%	78.06%	230.50ms
{ConfidenceFactor=0.2, MinNumObjPerLeaf=10, ReducedErrorPruning=false, Unpruned=true, MDLCorrection=false}	22.30%	82.42%	77.70%	78.06%	236.60ms
{ConfidenceFactor=0.3, MinNumObjPerLeaf=10, ReducedErrorPruning=true, Unpruned=true, MDLCorrection=false}	22.30%	82.42%	77.70%	78.06%	236.90ms
{ConfidenceFactor=0.4, MinNumObjPerLeaf=10, ReducedErrorPruning=false, Unpruned=true, MDLCorrection=false}	22.30%	82.42%	77.70%	78.06%	237.80ms
{ConfidenceFactor=0.2, MinNumObjPerLeaf=10, ReducedErrorPruning=true, Unpruned=true, MDLCorrection=false}	22.30%	82.42%	77.70%	78.06%	245.40ms
{ConfidenceFactor=0.2, MinNumObjPerLeaf=6, ReducedErrorPruning=true, Unpruned=false, MDLCorrection=true}	22.32%	81.33%	77.68%	77.28%	83.70ms
{ConfidenceFactor=0.4, MinNumObjPerLeaf=6, ReducedErrorPruning=true, Unpruned=false, MDLCorrection=true}	22.32%	81.33%	77.68%	77.28%	83.70ms
{ConfidenceFactor=0.1, MinNumObjPerLeaf=6, ReducedErrorPruning=true, Unpruned=false, MDLCorrection=true}	22.32%	81.33%	77.68%	77.28%	88.30ms
{ConfidenceFactor=0.3, MinNumObjPerLeaf=6, ReducedErrorPruning=true, Unpruned=false, MDLCorrection=true}	22.32%	81.33%	77.68%	77.28%	90.80ms
{ConfidenceFactor=0.4, MinNumObjPerLeaf=10, ReducedErrorPruning=true, Unpruned=false, MDLCorrection=true}	22.36%	78.55%	77.64%	76.55%	65.80ms
{ConfidenceFactor=0.1, MinNumObjPerLeaf=10, ReducedErrorPruning=true, Unpruned=false, MDLCorrection=true}	22.36%	78.55%	77.64%	76.55%	67.90ms
{ConfidenceFactor=0.3, MinNumObjPerLeaf=10, ReducedErrorPruning=true, Unpruned=false, MDLCorrection=true}	22.36%	78.55%	77.64%	76.55%	68.00ms
{ConfidenceFactor=0.2, MinNumObjPerLeaf=10, ReducedErrorPruning=true, Unpruned=false, MDLCorrection=true}	22.36%	78.55%	77.64%	76.55%	69.00ms
{ConfidenceFactor=0.3, MinNumObjPerLeaf=9, ReducedErrorPruning=true, Unpruned=true, MDLCorrection=false}	22.53%	82.39%	77.47%	77.69%	236.20ms
{ConfidenceFactor=0.4, MinNumObjPerLeaf=9, ReducedErrorPruning=false, Unpruned=true, MDLCorrection=false}	22.53%	82.39%	77.47%	77.69%	240.70ms
{ConfidenceFactor=0.1, MinNumObjPerLeaf=9, ReducedErrorPruning=true, Unpruned=true, MDLCorrection=false}	22.53%	82.39%	77.47%	77.69%	242.70ms
{ConfidenceFactor=0.4, MinNumObjPerLeaf=9, ReducedErrorPruning=true, Unpruned=true, MDLCorrection=false}	22.53%	82.39%	77.47%	77.69%	243.60ms
{ConfidenceFactor=0.3, MinNumObjPerLeaf=9, ReducedErrorPruning=false, Unpruned=true, MDLCorrection=false}	22.53%	82.39%	77.47%	77.69%	248.70ms
{ConfidenceFactor=0.2, MinNumObjPerLeaf=9, ReducedErrorPruning=true, Unpruned=true, MDLCorrection=false}	22.53%	82.39%	77.47%	77.69%	249.40ms
{ConfidenceFactor=0.2, MinNumObjPerLeaf=9, ReducedErrorPruning=false, Unpruned=true, MDLCorrection=false}	22.53%	82.39%	77.47%	77.69%	250.80ms
{ConfidenceFactor=0.1, MinNumObjPerLeaf=9, ReducedErrorPruning=false, Unpruned=true, MDLCorrection=false}	22.53%	82.39%	77.47%	77.69%	256.50ms
{ConfidenceFactor=0.2, MinNumObjPerLeaf=9, ReducedErrorPruning=false, Unpruned=false, MDLCorrection=false}	22.53%	81.98%	77.47%	77.68%	128.80ms
{ConfidenceFactor=0.4, MinNumObjPerLeaf=7, ReducedErrorPruning=false, Unpruned=true, MDLCorrection=false}	22.58%	82.58%	77.42%	78.00%	270.70ms
{ConfidenceFactor=0.4, MinNumObjPerLeaf=7, ReducedErrorPruning=true, Unpruned=true, MDLCorrection=false}	22.58%	82.58%	77.42%	78.00%	271.30ms
{ConfidenceFactor=0.3, MinNumObjPerLeaf=7, ReducedErrorPruning=false, Unpruned=true, MDLCorrection=false}	22.58%	82.58%	77.42%	78.00%	271.50ms
{ConfidenceFactor=0.2, MinNumObjPerLeaf=7, ReducedErrorPruning=true, Unpruned=true, MDLCorrection=false}	22.58%	82.58%	77.42%	78.00%	272.30ms
{ConfidenceFactor=0.1, MinNumObjPerLeaf=7, ReducedErrorPruning=true, Unpruned=true, MDLCorrection=false}	22.58%	82.58%	77.42%	78.00%	272.80ms
{ConfidenceFactor=0.1, MinNumObjPerLeaf=7, ReducedErrorPruning=false, Unpruned=true, MDLCorrection=false}	22.58%	82.58%	77.42%	78.00%	277.00ms
{ConfidenceFactor=0.3, MinNumObjPerLeaf=7, ReducedErrorPruning=true, Unpruned=true, MDLCorrection=false}	22.58%	82.58%	77.42%	78.00%	277.00ms
{ConfidenceFactor=0.2, MinNumObjPerLeaf=7, ReducedErrorPruning=false, Unpruned=true, MDLCorrection=false}	22.58%	82.58%	77.42%	78.00%	283.20ms
{ConfidenceFactor=0.2, MinNumObjPerLeaf=10, ReducedErrorPruning=false, Unpruned=false, MDLCorrection=false}	22.60%	80.72%	77.40%	77.29%	121.10ms
{ConfidenceFactor=0.3, MinNumObjPerLeaf=8, ReducedErrorPruning=true, Unpruned=false, MDLCorrection=true}	22.79%	81.25%	77.21%	77.08%	72.10ms
{ConfidenceFactor=0.4, MinNumObjPerLeaf=8, ReducedErrorPruning=true, Unpruned=false, MDLCorrection=true}	22.79%	81.25%	77.21%	77.08%	72.20ms
{ConfidenceFactor=0.2, MinNumObjPerLeaf=8, ReducedErrorPruning=true, Unpruned=false, MDLCorrection=true}	22.79%	81.25%	77.21%	77.08%	74.50ms
{ConfidenceFactor=0.1, MinNumObjPerLeaf=8, ReducedErrorPruning=true, Unpruned=false, MDLCorrection=true}	22.79%	81.25%	77.21%	77.08%	79.50ms
{ConfidenceFactor=0.4, MinNumObjPerLeaf=5, ReducedErrorPruning=true, Unpruned=false, MDLCorrection=false}	22.79%	80.45%	77.21%	76.99%	90.60ms
{ConfidenceFactor=0.2, MinNumObjPerLeaf=5, ReducedErrorPruning=true, Unpruned=false, MDLCorrection=false}	22.79%	80.45%	77.21%	76.99%	95.70ms
{ConfidenceFactor=0.1, MinNumObjPerLeaf=5, ReducedErrorPruning=true, Unpruned=false, MDLCorrection=false}	22.79%	80.45%	77.21%	76.99%	97.50ms
{ConfidenceFactor=0.3, MinNumObjPerLeaf=5, ReducedErrorPruning=true, Unpruned=false, MDLCorrection=false}	22.79%	80.45%	77.21%	76.99%	97.60ms
{ConfidenceFactor=0.3, MinNumObjPerLeaf=10, ReducedErrorPruning=false, Unpruned=false, MDLCorrection=false}	23.03%	80.90%	76.97%	77.01%	119.30ms
{ConfidenceFactor=0.4, MinNumObjPerLeaf=6, ReducedErrorPruning=true, Unpruned=false, MDLCorrection=false}	23.07%	79.76%	76.93%	76.61%	82.70ms
{ConfidenceFactor=0.2, MinNumObjPerLeaf=6, ReducedErrorPruning=true, Unpruned=false, MDLCorrection=false}	23.07%	79.76%	76.93%	76.61%	83.00ms
{ConfidenceFactor=0.3, MinNumObjPerLeaf=6, ReducedErrorPruning=true, Unpruned=false, MDLCorrection=false}	23.07%	79.76%	76.93%	76.61%	83.00ms
{ConfidenceFactor=0.1, MinNumObjPerLeaf=6, ReducedErrorPruning=true, Unpruned=false, MDLCorrection=false}	23.07%	79.76%	76.93%	76.61%	83.70ms
{ConfidenceFactor=0.1, MinNumObjPerLeaf=5, ReducedErrorPruning=true, Unpruned=false, MDLCorrection=true}	23.25%	80.23%	76.75%	76.62%	88.20ms
{ConfidenceFactor=0.4, MinNumObjPerLeaf=5, ReducedErrorPruning=true, Unpruned=false, MDLCorrection=true}	23.25%	80.23%	76.75%	76.62%	89.20ms
{ConfidenceFactor=0.3, MinNumObjPerLeaf=5, ReducedErrorPruning=true, Unpruned=false, MDLCorrection=true}	23.25%	80.23%	76.75%	76.62%	92.80ms
{ConfidenceFactor=0.2, MinNumObjPerLeaf=5, ReducedErrorPruning=true, Unpruned=false, MDLCorrection=true}	23.25%	80.23%	76.75%	76.62%	93.30ms
{ConfidenceFactor=0.3, MinNumObjPerLeaf=7, ReducedErrorPruning=true, Unpruned=false, MDLCorrection=true}	23.59%	78.79%	76.41%	75.55%	72.80ms
{ConfidenceFactor=0.1, MinNumObjPerLeaf=7, ReducedErrorPruning=true, Unpruned=false, MDLCorrection=true}	23.59%	78.79%	76.41%	75.55%	76.40ms
{ConfidenceFactor=0.4, MinNumObjPerLeaf=7, ReducedErrorPruning=true, Unpruned=false, MDLCorrection=true}	23.59%	78.79%	76.41%	75.55%	76.50ms
{ConfidenceFactor=0.2, MinNumObjPerLeaf=7, ReducedErrorPruning=true, Unpruned=false, MDLCorrection=true}	23.59%	78.79%	76.41%	75.55%	77.40ms
{ConfidenceFactor=0.4, MinNumObjPerLeaf=9, ReducedErrorPruning=true, Unpruned=false, MDLCorrection=true}	23.74%	77.91%	76.26%	75.39%	65.90ms
{ConfidenceFactor=0.1, MinNumObjPerLeaf=9, ReducedErrorPruning=true, Unpruned=false, MDLCorrection=true}	23.74%	77.91%	76.26%	75.39%	69.80ms
{ConfidenceFactor=0.2, MinNumObjPerLeaf=9, ReducedErrorPruning=true, Unpruned=false, MDLCorrection=true}	23.74%	77.91%	76.26%	75.39%	74.60ms
{ConfidenceFactor=0.3, MinNumObjPerLeaf=9, ReducedErrorPruning=true, Unpruned=false, MDLCorrection=true}	23.74%	77.91%	76.26%	75.39%	78.60ms
{ConfidenceFactor=0.1, MinNumObjPerLeaf=10, ReducedErrorPruning=true, Unpruned=false, MDLCorrection=false}	23.74%	77.68%	76.26%	75.62%	63.80ms
{ConfidenceFactor=0.4, MinNumObjPerLeaf=10, ReducedErrorPruning=true, Unpruned=false, MDLCorrection=false}	23.74%	77.68%	76.26%	75.62%	65.60ms
{ConfidenceFactor=0.2, MinNumObjPerLeaf=10, ReducedErrorPruning=true, Unpruned=false, MDLCorrection=false}	23.74%	77.68%	76.26%	75.62%	66.80ms
{ConfidenceFactor=0.3, MinNumObjPerLeaf=10, ReducedErrorPruning=true, Unpruned=false, MDLCorrection=false}	23.74%	77.68%	76.26%	75.62%	67.30ms
{ConfidenceFactor=0.3, MinNumObjPerLeaf=7, ReducedErrorPruning=true, Unpruned=false, MDLCorrection=false}	23.83%	78.32%	76.17%	75.46%	77.10ms
{ConfidenceFactor=0.4, MinNumObjPerLeaf=7, ReducedErrorPruning=true, Unpruned=false, MDLCorrection=false}	23.83%	78.32%	76.17%	75.46%	77.20ms
{ConfidenceFactor=0.1, MinNumObjPerLeaf=7, ReducedErrorPruning=true, Unpruned=false, MDLCorrection=false}	23.83%	78.32%	76.17%	75.46%	81.00ms
{ConfidenceFactor=0.2, MinNumObjPerLeaf=7, ReducedErrorPruning=true, Unpruned=false, MDLCorrection=false}	23.83%	78.32%	76.17%	75.46%	82.20ms
{ConfidenceFactor=0.3, MinNumObjPerLeaf=8, ReducedErrorPruning=true, Unpruned=false, MDLCorrection=false}	23.98%	78.68%	76.02%	75.53%	70.90ms
{ConfidenceFactor=0.2, MinNumObjPerLeaf=8, ReducedErrorPruning=true, Unpruned=false, MDLCorrection=false}	23.98%	78.68%	76.02%	75.53%	73.10ms
{ConfidenceFactor=0.1, MinNumObjPerLeaf=8, ReducedErrorPruning=true, Unpruned=false, MDLCorrection=false}	23.98%	78.68%	76.02%	75.53%	78.30ms
{ConfidenceFactor=0.4, MinNumObjPerLeaf=8, ReducedErrorPruning=true, Unpruned=false, MDLCorrection=false}	23.98%	78.68%	76.02%	75.53%	79.80ms
{ConfidenceFactor=0.1, MinNumObjPerLeaf=9, ReducedErrorPruning=true, Unpruned=false, MDLCorrection=false}	24.63%	79.27%	75.37%	74.76%	67.50ms
{ConfidenceFactor=0.4, MinNumObjPerLeaf=9, ReducedErrorPruning=true, Unpruned=false, MDLCorrection=false}	24.63%	79.27%	75.37%	74.76%	71.70ms
{ConfidenceFactor=0.2, MinNumObjPerLeaf=9, ReducedErrorPruning=true, Unpruned=false, MDLCorrection=false}	24.63%	79.27%	75.37%	74.76%	77.40ms
{ConfidenceFactor=0.3, MinNumObjPerLeaf=9, ReducedErrorPruning=true, Unpruned=false, MDLCorrection=false}	24.63%	79.27%	75.37%	74.76%	80.40ms
