root.title|root.price|TechnicalSpecifications.RearCameraQuality|TechnicalSpecifications.FrontFacingCameraQuality|TechnicalSpecifications.SIMcardtype|TechnicalSpecifications.ProcessorType|TechnicalSpecifications.ProcessorSpeed|TechnicalSpecifications.RAM|TechnicalSpecifications.OnboardStorage|TechnicalSpecifications.ScreenResolution|TechnicalSpecifications.Screensize|TechnicalSpecifications.OperatingSystem|TechnicalSpecifications.NetworkSpeeds
"honor 8 blue 5.2"" 32gb 4g dual sim unlocked & sim free"|£94.99|12 megapixel||nano sim|octa core|2.3ghz|4gb|32gb|1080p and over|5.2 inches|android 6.0 marshmallow|4g
"samsung galaxy a5 2017 gold 5.2"" 32gb 4g unlocked & sim free"|£56.97|16 megapixel|16 megapixel|nano sim|octa core|performance|3gb|32gb|1080p and over|5.2 inches|android 6.0 marshmallow|4g
"samsung galaxy s6 edge gold 5.1"" 32gb 4g unlocked & sim free"|£134.98|16 megapixel||nano sim|octa core|2.1 & 1.5ghz|3gb|32gb|1080p and over|5.1 inches|android 5.1 lollipop|4g
"samsung galaxy xcover 3 dark silver value edition 2016 4.5"" 8gb 4g unlocked & sim free"|£195|5 megapixel||micro sim|quad core|everyday|1.5gb|8gb|480x800 pixels|4.5 inches|android 4.4 kitkat|4g
"honor 6x gold 5.5"" 32gb 4g dual sim unlocked & sim free"|£69.97|12 megapixel|8 megapixel|dual sim|octa core|2.1 & 1.7ghz|3gb|32gb|1080p and over|5.5 inches|android 6.0 marshmallow|4g
"alcatel a5 led metallic black 5.2"" 16gb 4g unlocked & sim free"|£10.97|8 megapixel|5 megapixel|nano sim|octa core|everyday|2gb|16gb|1280 x 720 pixels|5.2 inches|android 6.0 marshmallow|4g
"honor 8 midnight black 5.2"" 32gb 4g dual sim unlocked & sim free"|£94.99|12 megapixel|8 megapixel|nano sim|octa core|performance|4gb|32gb|1920x1080 pixels|5.2 inches|android 6.0 marshmallow|4g
lenovo b white 4.5 inch 8gb 4g unlocked & sim free|£10.97|5 megapixel|2 megapixel|micro sim|quad core|everyday|1gb|8gb|under 720p|4.5 inches|android 6.0 marshmallow|4g
"samsung galaxy a5 2017 black 5.2"" 32gb 4g unlocked & sim free"|£70.97|16 megapixel|16 megapixel|nano sim|octa core|performance|3gb|32gb|1080p and over|5.2 inches|android 6.0 marshmallow|4g
"sony xperia xa black 5"" 16gb 4g unlocked & sim free"|£54.97|13 megapixel|8 megapixel|nano sim|octa core|2ghz|2gb|16gb|720p||android 6.0 marshmallow|4g
"samsung galaxy s6 black sapphire 5.1"" 32gb 4g unlocked & sim free"|£114.99|16 megapixel|5 megapixel|nano sim|octa core|performance|3gb|32gb|1080p and over|5.1 inches|android 5.0 lollipop|4g
"apple iphone se gold 4"" 32gb 4g unlocked & sim free"|£44|12 megapixel||nano sim|dual core|performance|2gb|32gb|under 720p||ios 9|4g
"samsung galaxy s8 black 5.8"" 64gb 4g unlocked & sim free"|£89.97|12 megapixel|8 megapixel|nano sim|samsung exynos|2.4 & 1.9ghz|4gb|64gb|1440x2960 pixels|5.8 inches|android 7.0 nougat|4g
"amazon fire phone black 4.7"" 32gb 4g unlocked & sim free"|£205.99|13 megapixel|2.1 megapixel|nano sim|quad core|performance|2gb|32gb|720p|4.7 inches|other|4g
"archos 50 titanium black 5"" 8gb 4g dual sim unlocked & sim free"|£30.97|5 megapixel||nano sim|sc9830|everyday|1gb|8gb|under 720p|5 inches|android 5.1 lollipop|4g
"samsung galaxy s7 edge white 5.5"" 32gb 4g unlocked & sim free"|£280.97|12 megapixel||nano sim||2.3ghz|4gb|||5.5 inches|android 6.0 marshmallow|4g
"cat s30 rugged smartphone 4.5"" 8gb 4g unlocked & sim free"|£74.99|5 megapixel|2 megapixel|nano sim|quad core|1.1ghz|1gb|8gb|under 720p|4.5 inches|android 5.1 lollipop|4g
"alcatel u5 3g sharp blue 5"" 8gb 3g unlocked & sim free"|£26|5 megapixel|2 megapixel|micro sim|quad core|everyday|1gb|8gb|854x480 pixels|5 inches|android 7.0 nougat|3g
samsung galaxy s6 topaz blue 32gb unlocked & sim free|£84.97|16 megapixel|5 megapixel|nano sim|octa core|performance|3gb|32gb|1080p and over|5.1 inches|android 5.0 lollipop|4g
"archos 50 saphir black 5"" 16gb 4g unlocked & sim free"|£24.97|13 megapixel||nano sim|quad core|everyday|2gb|16gb|720p|5 inches|android 6.0 marshmallow|4g
"cubot manito white 5"" 16gb 4g unlocked & sim free"|£25.99|13 megapixel|5 megapixel|micro sim|quad core|everyday|3gb|16gb|720p|5 inches|android 6.0 marshmallow|4g
"iphone 6s gold 4.7"" 32gb 4g unlocked & sim free"|£500|12 megapixel||nano sim|a9|||32gb|||ios 9|4g
"samsung galaxy s7 flat pink gold 5.1"" 32gb 4g unlocked & sim free"|£274.97|12 megapixel|5 megapixel|nano sim|quad core|2.1 & 1.6ghz|4gb|32gb|1080p and over|5.1 inches|android 6.0 marshmallow|4g
"alcatel pop 4 black 5"" 8gb 4g unlocked & sim free"|£9.99|8 megapixel||micro sim|quad core|everyday|1gb|8gb|720p|5 inches|android 6.0 marshmallow|4g
samsung galaxy a3 2016 black 4.7 inch 16gb 4g unlocked & sim free|£50.99|13 megapixel||nano sim|quad core|everyday|1.5gb|16gb|720p|4.7 inches|android 5.1 lollipop|4g
"samsung galaxy a3 2016 white 4.7"" 16gb 4g unlocked & sim free"|£50.99|13 megapixel||nano sim|quad core|everyday|1.5gb|16gb|720p|4.7 inches|android 5.1 lollipop|4g
"samsung galaxy s7 flat gold 5.1"" 32gb 4g unlocked & sim free"|£260.02|12 megapixel||nano sim||2.3ghz|4gb|32gb|1080x1920|5.1 inches|android 6.0 marshmallow|4g
"motorola moto c starry black 5"" 16gb 4g unlocked & sim free"|£15.97|5 megapixel|2 megapixel|micro sim|quad core|1.1ghz|1gb|16gb|854x480|5 inches|android 7.0 nougat|4g
wileyfox swift 2 plus rose pink 5 inch 32gb 4g dual sim unlocked & sim free|£44.97|16 megapixel|8 megapixel|micro sim|snapdragon 430|everyday|3gb|32gb|720p|5 inches|android 6.0 marshmallow|4g
"cubot rainbow 2 black 5"" 16gb 3g unlocked & sim free"|£79|12 megapixel|2 megapixel|micro sim|quad core|everyday|1gb|16gb|720p|5 inches|android 7.0 nougat|3g
"samsung galaxy j5 2016 white 5.2"" 16gb 4g unlocked & sim free"|£40.99|13 megapixel||micro sim|quad core|everyday|2gb|16gb|720p|5.2 inches|android 6.0 marshmallow|4g
cat b25 rugged phone black simfree - single sim|£2.97||||||||||other|
"nuu a1 black 4"" 4gb android 3g dual sim smartphone unlocked & sim free"|£7.97|2 megapixel|0.3 megapixel|micro sim|quad core|everyday|512mb|4gb|480x800 pixels|4 inches|android 5.1 lollipop|3g
"cubot dinosaur black 5.5"" 16gb 4g dual sim unlocked & sim free"|£24.99|13 megapixel||micro sim|quad core|everyday|3gb|16gb|720p|5.5 inches|android 6.0 marshmallow|4g
"samsung galaxy a5 2017 blue 5.2"" 32gb 4g unlocked & sim free"|£54.97|16 megapixel|16 megapixel|nano sim|octa core|performance|3gb|32gb|1080p and over|5.2 inches|android 6.0 marshmallow|4g
"motorola moto e4 iron grey 5"" 16gb 4g unlocked & sim free"|£6.97|8 megapixel|5 megapixel|nano sim|quad core|everyday|2gb|16gb|1280 x 720 pixels|5 inches|android 7.0 nougat|4g
"apple iphone se silver 4"" 64gb 4g unlocked & sim free"|£405|12 megapixel||nano sim|dual core|performance|2gb|64gb|under 720p|4 inches|ios 9|4g
"motorola moto e3 white 5"" 8gb 4g unlocked & sim free"|£18.99|8 megapixel|5 megapixel|micro sim|quad core|everyday|1gb|8gb|720p|5 inches|android 6.0 marshmellow|4g
"cubot echo black 5"" 16gb 3g unlocked & sim free"|£20.97|13 megapixel|5 megapixel|micro sim|quad core|everyday|2gb|16gb|720p|5 inches|android 6.0 marshmallow|3g
"samsung galaxy a3 2017 black 4.7"" 16gb 4g unlocked & sim free"|£42.97|13 megapixel|8 megapixel|nano sim|octa core|1.6ghz|2gb|16gb|720p|4.7 inches|android 6.0 marshmallow|4g
"cubot rainbow 2 red 5"" 16gb 3g unlocked & sim free"|£79|12 megapixel|2 megapixel|nano sim|quad core|everyday|1gb|16gb|720p|5 inches|android 7.0 nougat|3g
"htc u play indigo blue 5.2"" 32gb 4g unlocked & sim free"|£53.97|16 megapixel||nano sim|octa core|2ghz|3gb|32gb|1080p and over|5.2 inches|android 6.0 marshmallow|4g
"apple iphone se space grey 4"" 16gb 4g unlocked & sim free"|£54.99|12 megapixel||nano sim|dual core|performance|2gb|16gb|under 720p|4 inches|ios 9|4g
"samsung galaxy s6 white pearl 5.1"" 32gb 4g unlocked & sim free"|£114.99|16 megapixel|5 megapixel|nano sim|octa core|performance|3gb|32gb|1080p and over|5.1 inches|android 5.0 lollipop|4g
"apple iphone 7 silver 4.7"" 128gb 4g unlocked & sim free"|£694|12 megapixel|7 megapixel|nano sim|quad core|performance|2gb|128gb|720p|4.7 inches|ios 10|4g
"motorola moto g4 black 5.5"" 16gb 4g unlocked & sim free"|£39.99|13 megapixel||micro sim|octa core|1.5 & 1.2ghz|2gb|16gb|1080p and over|5.5 inches|android 6.0 marshmallow|4g
"motorola moto e4 plus fine gold 5.5"" 16gb 4g unlocked & sim free"|£12.97|13 megapixel|5 megapixel|nano sim|quad core|everyday|3gb|16gb|1280 x 720 pixels|5.5 inches|android 7.0 nougat|4g
"samsung galaxy a5 2016 pink gold 5.2"" 16gb 4g unlocked & sim free"|£71.97|13 megapixel||nano sim|octa core|1.5 & 1.2ghz|2gb|16gb|1080p and over||android 5.1 lollipop|4g
"samsung galaxy s8 orchid grey 5.8"" 64gb 4g unlocked & sim free"|£69.97|12 megapixel|8 megapixel|nano sim|samsung exynos|2.4 & 1.9ghz|4gb|64gb|1440x2960 pixels|5.8 inches|android 7.0 nougat|4g
"apple iphone 7 plus jet black 5.5"" 256gb 4g unlocked & sim free"|£44|12 megapixel|7 megapixel|nano sim|quad core|performance|3gb|256gb|1080p and over|5.5 inches|ios 10|4g
samsung galaxy a3 2016 pink gold 4.7 inch 16gb 4g unlocked & sim free|£20.97|||||1.5ghz|1.5gb|||||
"xperia xa1 gold 5"" 32gb 4g unlocked & sim free"|£41.97|23 megapixel|8 megapixel|nano sim|octa core||3gb|32gb|1280 x 720 pixels|5 inches|android 7.0 nougat|4g
"kodak ektra black 5"" 32gb 4g 21 megapixel unlocked & sim free"|£94.97|21 megapixel|13 megapixel|nano sim|deca core|2.3 & 1.4ghz|3gb|32gb|1080p and over|5 inches|android 6.0 marshmallow|4g
"iphone 6s rose gold 4.7"" 32gb 4g unlocked & sim free"|£500|12 megapixel||nano sim|a9|||32gb|||ios 9|4g
"apple iphone 7 plus rose gold 5.5"" 128gb 4g unlocked & sim free"|£814|12 megapixel|7 megapixel|nano sim|quad core|performance|3gb|128gb|1080p and over|5.5 inches|ios 10|4g
"cubot rainbow 2 white 5"" 16gb 3g unlocked & sim free"|£73|12 megapixel|2 megapixel|nano sim|quad core|everyday|1gb|16gb|720p|5 inches|android 7.0 nougat|3g
"blackberry dtek60 black 5.5"" 32gb 4g unlocked & sim free"|£100.99|21 megapixel|8 megapixel|standard sim|snapdragon 820|2.1 & 1.6ghz|4gb|32gb|1080p and over|5.5 inches|android 6.0 marshmallow|4g
"samsung galaxy j5 2016 black 5.2"" 16gb 4g unlocked & sim free"|£40.99|13 megapixel||micro sim|quad core|everyday|2gb|16gb|720p|5.2 inches|android 6.0 marshmallow|4g
cubot max black 6 inch 32gb 4g unlocked & sim free|£20.99|13 megapixel|5 megapixel|micro sim|octa core|everyday|3gb|32gb|720p|6 inches|android 6.0 marshmallow|4g
"apple iphone se space grey 4"" 64gb 4g unlocked & sim free"|£395|12 megapixel||nano sim|dual core|performance|2gb|64gb|under 720p|4 inches|ios 9|4g
"apple iphone 7 silver 4.7"" 32gb 4g unlocked & sim free"|£604|12 megapixel|7 megapixel|nano sim|quad core|performance|2gb|32gb|720p|4.7 inches|ios 10|4g
"apple iphone 7 plus black 5.5"" 128gb 4g unlocked & sim free"|£809|12 megapixel|7 megapixel|nano sim|quad core|performance|3gb|128gb|1080p and over|5.5 inches|ios 10|4g
"archos 40 power black 4"" 8gb 3g unlocked & sim free"|£2.97|5 megapixel||nano sim|sc7731c|everyday|512mb|8gb|480x800 pixels|4 inches|android 5.1 lollipop|3g
"motorola moto g4 play white 5"" 16gb 4g unlocked & sim free"|£10.99|8 megapixel|5 megapixel|micro sim|quad core|everyday|1gb|16gb|720p|5 inches|android 6.0 marshmellow|4g
"htc desire m10 silver 5.2"" 32gb 4g unlocked & sim free"|£93.97|12 megapixel||nano sim|quad core|2.1 & 1.6ghz|4gb|32gb|1080p and over|5.2 inches|android 6.0|4g
sony xperia xa ultra lime gold 6 inch 15gb 4g unlocked & sim free|£84.98|21 megapixel||nano sim|octa core|2 & 1ghz|3gb|16gb|1080p and over|6 inches|android 6.0 marshmallow|4g
"apple iphone 7 silver 4.7"" 256gb 4g unlocked & sim free"|£54|12 megapixel|7 megapixel|nano sim|quad core|performance|2gb|256gb|720p|4.7 inches|ios 10|4g
"alcatel pixi 4 black 5"" 8gb 4g unlocked & sim free"|£5.99|8 megapixel|5 megapixel|micro sim|quad core|everyday|1gb|8gb|under 720p|5 inches|android 6.0 marshmallow|4g
"apple iphone se gold 4"" 64gb 4g unlocked & sim free"|£54.99|12 megapixel||nano sim|dual core|performance|2gb|64gb|under 720p|4 inches|ios 9|4g
"xiaomi redmi 4a dark grey 5"" 32gb 4g unlocked & sim free"|£16.97|13 megapixel|5 megapixel|micro sim + nano sim|quad core|everyday|2gb|32gb|720p|5 inches|android 6.0 marshmallow|4g
"motorola moto e4 plus iron grey 5.5"" 16gb 4g unlocked & sim free"|£12.97|13 megapixel|5 megapixel|nano sim|quad core|everyday|3gb|16gb|1280 x 720 pixels|5.5 inches|android 7.0 nougat|4g
"apple iphone 6s silver 4.7"" 32gb 4g unlocked & sim free"|£500|12 megapixel||nano sim|a9|||32gb||4.7 inches|ios 9|4g
"xperia xz premium deepsea black 5.5"" 64gb 4g unlocked & sim free"|£69.97|19 megapixel|13 megapixel|nano sim|snapdragon 835||4gb|64gb|2160x3840 pixels|5.5 inches|android 7.0 nougat|4g
"cubot manito gold 5"" 16gb 4g unlocked & sim free"|£25.99|13 megapixel|5 megapixel|micro sim|quad core|everyday|3gb|16gb|720p|5 inches|android 6.0 marshmallow|4g
"samsung galaxy s7 edge gold 5.5"" 32gb 4g unlocked & sim free"|£120.97|12 megapixel||nano sim|octa core||4gb|32gb||5.5 inches|android 6.0 marshmallow|4g
cubot max gold 6 inch 32gb 4g unlocked & sim free|£20.02|13 megapixel|5 megapixel|micro sim|octa core|everyday|3gb|32gb|720p|6 inches|android 6.0 marshmallow|4g
"samsung galaxy j5 2016 gold 5.2"" 16gb 4g unlocked & sim free"|£40.99|13 megapixel||micro sim|quad core|everyday|2gb|16gb|720p|5.2 inches|android 6.0 marshmallow|4g
"v7 zyro black 5"" 16gb 4g dual sim unlocked & sim free"|£8.97|13 megapixel|5 megapixel|micro sim|quad core|1.1ghz|1gb|16gb|1280 x 720 pixels|5 inches|android 6.0 marshmallow|4g
"doro 8020x black 4.5"" 8gb 4g unlocked & sim free"|£40||||mt6735m||1gb|||||
"imo q grey 4"" 8gb 3g unlocked & sim free"|£6.97|5 megapixel|2 megapixel|micro sim|quad core|everyday|1gb|8gb|480x800 pixels|4 inches|android 5.1 lollipop|3g
htc desire 530 grey|£39.97|8 megapixel|||snapdragon 210|1.1ghz|1.5gb|16gb||5 inches|android 6.0 marshmallow|4g
"apple iphone se rose gold 4"" 16gb 4g unlocked & sim free"|£408|12 megapixel||nano sim|dual core|performance|2gb|16gb|under 720p|4 inches|ios 9|4g
"samsung galaxy s6 edge black 5.1"" 32gb 4g unlocked & sim free"|£194.99|16 megapixel||nano sim|octa core|2.1ghz|3gb|32gb||6 inches|android 5.1 lollipop|4g
"honor 8 pro blue 5.7"" 64gb 4g unlocked & sim free"|£74.99|dual 12 megapixel|8 megapixel|nano sim|octa core||6gb|64gb|1080p and over|5.7 inches|android 7.0 nougat|4g
"alcatel a2 xl black dual sim 6"" 8gb 3g unlocked & sim free"|£4.97|8 megapixel|5 megapixel|micro sim|quad core|everyday|1gb|8gb|1280 x 720 pixels|6 inches|android 5.1 lollipop|3g
"apple iphone 7 plus jet black 5.5"" 128gb 4g unlocked & sim free"|£794|12 megapixel|7 megapixel|nano sim|quad core|performance|3gb|128gb|1080p and over|5.5 inches|ios 10|4g
"lg google nexus 5x carbon black 5.2"" 32gb 4g unlocked & sim free"|£74.99|12.3 megapixel|||snapdragon 808|2ghz|2gb|32gb||5.2 inches|android 5.1 lollipop|4g
"honor 6x grey 5.5"" 32gb 4g dual sim unlocked & sim free"|£64.97|12 megapixel|8 megapixel|dual sim|octa core|2.1 & 1.7ghz|3gb|32gb|1080p and over|5.5 inches|android 6.0 marshmallow|4g
lg g flex 2 titanium 16gb unlocked & sim free|£30.97|13 megapixel|2.1 megapixel|nano sim|octa core|performance|2gb|16gb|1080p and over|5.5 inches|android 5.0 lollipop|4g
"honor 8 white 5.2"" 32gb 4g dual sim unlocked & sim free"|£84.99|12 megapixel|8 megapixel|nano sim|octa core|performance|4gb|32gb|1920x1080 pixels|5.2 inches|android 6.0 marshmallow|4g
"htc u ultra black 5.7"" 64gb 4g unlocked & sim free"|£54.97|12 megapixel||nano sim|snapdragon 821|2.15ghz|4gb|64gb|1080p and over|5.7 inches|android 7.0 nougat|4g
"samsung galaxy a5 2016 gold 5.2"" 16gb 4g unlocked & sim free"|£145.99|13 megapixel||nano sim|octa core|1.5 & 1.2ghz|2gb|16gb|1080p and over|5.2 inches|android 5.1 lollipop|4g
"sony xperia xz platinum 5.2"" 32gb 4g unlocked & sim free"|£180.97|23 megapixel||nano sim|quad core|2.1 & 1.6ghz|3gb|32gb|1080p and over||android 6.0 marshmallow|4g
"xiaomi redmi note 4 gold 5.5"" 32gb 4g unlocked & sim free"|£28.97|13 megapixel|5 megapixel|micro sim + nano sim|octa core|performance|3gb|32gb|1920x1080 pixels|5.5 inches|android 6.0 marshmallow|4g
"xperia xa1 white 5"" 32gb 4g unlocked & sim free"|£41.97|23 megapixel|8 megapixel|nano sim|octa core||3gb|32gb|1280 x 720 pixels|5 inches|android 7.0 nougat|4g
"samsung galaxy s7 flat white 5.1"" 32gb 4g unlocked & sim free"|£260.97|12 megapixel||nano sim|||4gb|||5.1 inches|android 6.0 marshmallow|4g
"apple iphone se silver 4"" 16gb 4g unlocked & sim free"|£44.99|12 megapixel||nano sim|dual core|performance|2gb|16gb|under 720p|4 inches|ios 9|4g
"samsung galaxy a3 2017 gold 4.7"" 16gb 4g unlocked & sim free"|£38.97|13 megapixel|8 megapixel|nano sim|octa core|1.6ghz|2gb|16gb|720p|4.7 inches|android 6.0 marshmallow|4g
"lg g6 astro black 5.7"" 32gb 4g unlocked & sim free"|£59.97|13 megapixel|5 megapixel|nano sim|quad core|2.3 & 1.6ghz|4gb|32gb|1440x2880 pixels|5.7 inches|android 7.0 nougat|4g
"samsung galaxy s7 flat silver 5.1"" 32gb 4g unlocked & sim free"|£260.99|12 megapixel||nano sim|||4gb|||5.1 inches|android 6.0 marshmallow|4g
samsung galaxy s7 edge silver 32gb unlocked & sim free|£250.99|12 megapixel||nano sim|octa core|2.3ghz|4gb|||5.5 inches|android 6.0 marshmallow|4g
archos 50b titanium black|£73||||sc9832|1.3ghz|1gb|||||
"htc u 11 amazing silver 5.5"" 64gb 4g unlocked & sim free"|£108.97|12 megapixel|16 megapixel|nano sim|octa core|2.45ghz|4gb|64gb|1080p and over|5.5 inches|android 7.0 nougat|4g
"huawei p10 mystic silver 5.1"" 64gb 4g unlocked & sim free"|£109.97|20 megapixel|8 megapixel|nano sim|octa core||4gb|64gb|1920x1080 pixels|5.1 inches|android 7.0 nougat|4g
"apple iphone 7 rose gold 4.7"" 256gb 4g unlocked & sim free"|£55|12 megapixel|7 megapixel|nano sim|quad core|performance|2gb|256gb|720p|4.7 inches|ios 10|4g
"motorola moto z white/gold 5.5"" 32gb 4g unlocked & sim free"|£35|13 megapixel||nano sim|quad core|2.1 & 1.6ghz|4gb|32gb|1080p and over|5.5 inches|android 6.0 marshmallow|4g
"htc 10 grey 5.2"" 32gb 4g unlocked & sim free"|£121.97|12 megapixel||nano sim|snapdragon 820|2.2ghz|4gb|32gb|1080p and over|5.2 inches|android 6.0 marshmallow|4g
"cat s60 thermal imaging rugged smartphone black 4.7"" 32gb 4g unlocked & sim free"|£90.99|13 megapixel|5 megapixel|standard sim|octa core|1.5 & 1.2ghz|3gb|32gb|720p|4.7 inches|android 6.0 marshmallow|4g
"doro 8030 black 4.5"" 8gb 4g unlocked and sim free"|£34.97|5 megapixel||micro sim|quad core|1.1ghz||8gb|854x480 pixels|4.5 inches|android 5.1 lollipop|4g
"samsung galaxy s7 edge coral blue 5.5"" 32gb 4g unlocked & sim free"|£150.97|12 megapixel|5 megapixel|nano sim|octa core|2.3 & 1.6ghz|4gb|32gb|1080p and over|5.5 inches|android 6.0 marshmallow|4g
"samsung galaxy a3 2016 gold 4.7"" 16gb 4g unlocked & sim free"|£50.99|13 megapixel||nano sim|quad core|everyday|1.5gb|16gb|720p|4.7 inches|android 5.1 lollipop|4g
"apple iphone se gold 4"" 128gb 4g unlocked & sim free"|£395|12 megapixel||nano sim|a9|performance|2gb|128gb|under 720p||ios 9|4g
"xperia x compact white 4.6"" 32gb 4g unlocked & sim free"|£114.97|23 megapixel||nano sim|hexa core|1.8 & 1.4ghz|3gb|32gb|720p||android 6.0 marshmallow|4g
"alcatel pixi 4 black 5"" 4g nfc"|£89|8 megapixel|5 megapixel|micro sim|quad core|everyday|1gb|8gb|under 720p|5 inches|android 6.0 marshmallow|4g
samsung galaxy j3 black 2016 5 inch 8gb 4g unlocked & sim free|£60.99|8 megapixel|5 megapixel|micro sim|quad core|everyday|1.5gb|16gb|720p|5 inches|android 5.1 lollipop|4g
"apple iphone se rose gold 4"" 32gb 4g unlocked & sim free"|£385|12 megapixel||nano sim|dual core|performance|2gb|32gb|under 720p||ios 9|4g
"alcatel u5 4g cocoa grey 5"" 8gb 4g unlocked & sim free"|£10.97|5 megapixel|2 megapixel|micro sim|quad core|everyday|1gb|8gb|854x480 pixels|5 inches|android 6.0 marshmallow|4g
"sony xperia l1 black 5.5"" 16gb 4g unlocked & sim free"|£22.97|13 megapixel|5 megapixel|nano sim|quad core|1.45ghz|2gb|16gb|1280 x 720 pixels|5.5 inches|android 7.0 nougat|4g
"apple iphone 7 gold 4.7"" 128gb 4g unlocked & sim free"|£684|12 megapixel|7 megapixel|nano sim|quad core|performance|2gb|128gb|720p|4.7 inches|ios 10|4g
"alcatel a3 xl grey & silver 6"" 16gb 4g unlocked & sim free"|£7.97|8 megapixel|5 megapixel|micro sim|quad core|1.1ghz|2gb|16gb|1280 x 720 pixels|6 inches|android 7.0 nougat|4g
"samsung galaxy s7 edge black 5.5"" 32gb 4g unlocked & sim free"|£80|12 megapixel||nano sim||2.3ghz|4gb|32gb||5.5 inches|android 6.0 marshmallow|4g
"samsung galaxy s7 flat black onyx 5.1"" 32gb 4g unlocked & sim free"|£160.99|12 megapixel||nano sim|quad core|2.3ghz|4gb|||5.1 inches|android 6.0 marshmallow|4g
"archos 50f neon black 5"" 8gb 3g unlocked & sim free"|£11.97|8 megapixel||nano sim|quad core|everyday|1gb|8gb|under 720p|5 inches|android 7.0 nougat|3g
"motorola moto c metallic cherry 5"" 16gb 4g unlocked & sim free"|£15.97|5 megapixel|2 megapixel|micro sim|quad core|1.1ghz|1gb|16gb|854x480|5 inches|android 7.0 nougat|4g
"apple iphone 7 plus black 5.5"" 256gb 4g unlocked & sim free"|£854|12 megapixel|7 megapixel|nano sim|quad core|performance|3gb|256gb|1080p and over|5.5 inches|ios 10|4g
huawei y6 8gb white dual sim|£15.97|||||||||||
"htc u 11 brilliant black 5.5"" 64gb 4g unlocked & sim free"|£108.97|12 megapixel|16 megapixel|nano sim|octa core|2.45ghz|4gb|64gb|1080p and over|5.5 inches|android 7.0 nougat|4g
"samsung galaxy j3 gold 2016 5"" 8gb 4g unlocked & sim free"|£60.99|8 megapixel|5 megapixel|micro sim|quad core|everyday|1.5gb|8gb|720p|5 inches|android 5.1 lollipop|4g
"samsung galaxy s6 gold 5.1"" 32gb 4g unlocked & sim free"|£114.99|16 megapixel|5 megapixel|nano sim|octa core|performance|3gb|32gb|1080p and over|5.1 inches|android 5.0 lollipop|4g
"apple iphone 7 gold 4.7"" 32gb 4g unlocked & sim free"|£604|12 megapixel|7 megapixel|nano sim|quad core|performance|2gb|32gb|720p|4.7 inches|ios 10|4g
"blackberry dtek50 black 5.2"" 16gb 4g unlocked & sim free"|£64.99|13 megapixel|8 megapixel|nano sim|quad core|everyday|3gb|16gb|1080p and over|5.2 inches|android 6.0 marshmallow|4g
"cubot rainbow 2 gold 5"" 16gb 3g unlocked & sim free"|£3.97|12 megapixel|2 megapixel|nano sim|quad core|everyday|1gb|16gb|720p|5 inches|android 7.0 nougat|3g
"samsung galaxy s8+ black 6.2"" 64gb 4g unlocked & sim free"|£132.97|12 megapixel|8 megapixel|nano sim|samsung exynos|2.4 & 1.9ghz|4gb|64gb|1440x2960 pixels|6.2 inches|android 7.0 nougat|4g
"apple iphone se space grey 4"" 32gb 4g unlocked & sim free"|£408|12 megapixel||nano sim|dual core|performance|2gb|32gb|under 720p||ios 9|4g
"blackberry passport black 4.5"" 32gb 4g unlocked & sim free"|£124.99|13 megapixel||nano sim|quad core|performance|3gb|32gb|1080p and over|4.5 inches|blackberry|4g
"motorola moto g5 lunar grey 5"" 16gb 4g unlocked & sim free"|£37.97|13 megapixel||nano sim|octa core|everyday|2gb|16gb|1080p and over|5 inches|android 7.0 nougat|4g
"samsung xcover 4 black 5"" 16gb 4g unlocked & sim free"|£59.97|13 megapixel|5 megapixel|micro sim|quad core|1.4ghz|2gb|16gb|1280 x 720 pixels||android 7.0 nougat|4g
apple iphone se gold 16gb 4g unlocked & sim free|£54|12 megapixel||nano sim|dual core|performance|2gb|16gb|under 720p|4 inches|ios 9|4g
"lg g6 ice platinum 5.7"" 32gb 4g unlocked & sim free"|£59.97|13 megapixel|5 megapixel|nano sim|quad core|2.3 & 1.6ghz|4gb|32gb|1440x2880 pixels|5.7 inches|android 7.0 nougat|4g
"liberto 825 - black/steel 5"" 8gb 4g unlocked & sim free"|£19.97|8 megapixel||micro sim|quad core|1.1ghz|512mb|8gb|1280 x 720 pixels|5 inches|android 5.1 lollipop|4g
"motorola moto g4 play black 5"" 16gb 4g unlocked & sim free"|£14.99|8 megapixel|5 megapixel|micro sim|quad core|everyday|1gb|16gb|720p|5 inches|android 6.0 marshmellow|4g
"samsung galaxy a5 2016 black 5.2"" 16gb 4g unlocked & sim free"|£145.99|13 megapixel||nano sim|octa core|1.5 & 1.2ghz|2gb|16gb|1080p and over|5.2 inches|android 5.1 lollipop|4g
"cat s40 rugged smartphone black 4.7"" 16gb 4g dual sim unlocked & sim free"|£30.99|8 megapixel||dual sim||||16gb|||android 5.1 lollipop|4g
"honor 6x silver 5.5"" 32gb 4g dual sim unlocked & sim free"|£64.97|12 megapixel|8 megapixel|dual sim|octa core|2.1 & 1.7ghz|3gb|32gb|1080p and over|5.5 inches|android 6.0 marshmallow|4g
"apple iphone 7 plus black 5.5"" 32gb 4g unlocked & sim free"|£705|12 megapixel|7 megapixel|nano sim|quad core|performance|3gb|32gb|1080p and over|5.5 inches|ios 10|4g
"samsung galaxy a5 2016 white 5.2"" 16gb 4g unlocked & sim free"|£140.99|13 megapixel||nano sim|octa core|1.5 & 1.2ghz|2gb|16gb|1080p and over|5.2 inches|android 5.1 lollipop|4g
"samsung galaxy s8+ orchid grey 6.2"" 64gb 4g unlocked & sim free"|£131.97|12 megapixel|8 megapixel|nano sim|samsung exynos|2.4 & 1.9ghz|4gb|64gb|1440x2960 pixels|6.2 inches|android 7.0 nougat|4g
"iphone 6s 32gb space grey 4.7"" unlocked & sim free"|£500|12 megapixel||nano sim|a9|||32gb|||ios 9|4g
"alcatel 20.51x silver 2.4"" 8mb 2g unlocked & sim free"|£37|2 megapixel||micro sim||312mhz|8mb|8mb|320x240 pixels|2.4 inches|threadx|2g
motorola moto z black 5.5 inch 32gb 4g unlocked & sim free|£44.99|13 megapixel||nano sim|quad core|2.1 & 1.6ghz|4gb|32gb|1080p and over|5.5 inches|android 6.0 marshmallow|4g
"lg google nexus 5x white 5.2"" 32gb 4g unlocked & sim free"|£80.99|12.3 megapixel|||snapdragon 808|1.8ghz|2gb|32gb||5.2 inches|android 6.0 marshmallow|4g
"lg google nexus 5x white 5.2"" 32gb 4g unlocked & sim free"|£80.99|12.3 megapixel|||snapdragon 808|1.8ghz|2gb|32gb||5.2 inches|android 6.0 marshmallow|4g
blackberry leap black 16gb unlocked & sim free|£40.98|8 megapixel|2 megapixel|micro sim|dual core|everyday|2gb|16gb|720p|5 inches|blackberry|4g
"doro liberto 820 mini black/steel 4"" 4gb 3g unlocked & sim free"|£55.02|5 megapixel||micro sim|dual core|everyday|512mb|4gb|under 720p|4 inches|android 4.2 jelly bean|3g
sony xperia xa ultra white 6 inch 16gb 4g unlocked & sim free|£84.98|21 megapixel||nano sim|octa core|2 & 1ghz|3gb|16gb|1080p and over||android 6.0 marshmallow|4g
"archos 55b platinum blue 5.5"" 8gb 3g unlocked & sim free"|£14.97|8 megapixel||nano sim|sc7731g|everyday|1gb|8gb|720p|5.5 inches|android 5.1 lollipop|3g
"cubot manito black 5"" 16gb 4g unlocked & sim free"|£25.99|13 megapixel|5 megapixel|micro sim|quad core|everyday|3gb|16gb|720p|5 inches|android 6.0 marshmallow|4g
"cubot rainbow 2 blue 5"" 16gb 3g unlocked & sim free"|£79|12 megapixel|2 megapixel|nano sim|quad core|everyday|1gb|16gb|720p|5 inches|android 7.0 nougat|3g
"samsung s6 edge white pearl 5.1"" 32gb 4g unlocked & sim free"|£134.98|16 megapixel|5 megapixel|nano sim|octa core|performance|3gb|32gb|1080p and over|5.1 inches|android 5.0 lollipop|4g
"alcatel u5 3g sharp blue 5"" 8gb unlocked & sim free - dual sim"|£14.97|5 megapixel|2 megapixel|micro sim|quad core|everyday|1gb|8gb|854x480 pixels|5 inches|android 7.0 nougat|3g
"htc u 11 ice white 5.5"" 64gb 4g unlocked & sim free"|£108.97|12 megapixel|16 megapixel|nano sim|octa core|2.45ghz|4gb|64gb|1080p and over|5.5 inches|android 7.0 nougat|4g
"cubot echo gold 5"" 16gb 3g unlocked & sim free"|£79|13 megapixel|5 megapixel|micro sim|quad core|everyday|2gb|16gb|720p|5 inches|android 6.0 marshmallow|3g
"honor 5c dark grey 5.2"" 16gb 4g dual sim unlocked & sim free"|£24.99|13 megapixel|8 megapixel|nano sim|octa core|2 & 1.7ghz|2gb|16gb|1080p and over|5.2 inches|android 6.0 marshmallow|4g
"apple iphone se silver 4"" 32gb 4g unlocked & sim free"|£385|12 megapixel||nano sim|a9|performance|2gb|32gb|under 720p||ios 9|4g
"htc desire 650 dark blue 5"" 16gb 4g unlocked & sim free"|£21.97|13 megapixel||nano sim|quad core|1.6ghz|2gb|16gb|720p|5 inches|android 6.0 marshmallow|4g
samsung galaxy j3 white 2016 5 inch 8gb 4g unlocked & sim free|£60.99|8 megapixel|5 megapixel|micro sim|quad core|everyday|1.5gb|16gb|720p|5 inches|android 5.1 lollipop|4g
"alcatel a3 prime black 5"" 16gb 4g unlocked & sim free"|£24.97|13 megapixel|5 megapixel|nano sim|quad core|1.25ghz|1.5gb|16gb|1280 x 720 pixels|5 inches|android 6.0 marshmallow|4g
"motorola moto g4 white 5.5"" 16gb 4g dual sim unlocked & sim free"|£50.02|13 megapixel||micro sim|octa core|1.5 & 1.2ghz|2gb|16gb|1080p and over|5.5 inches|android 6.0 marshmallow|4g
"sony xperia m5 black 5"" 16gb 4g unlocked & sim free"|£124.99|21 megapixel|13 megapixel|nano sim|octa core|performance|2gb|16gb|1080p and over|5 inches|android 5.0 lollipop|4g
htc u play 32g black oil - black|£114.97||||helio p10|2ghz|3gb|||||
